Employee_ID,Attrition_rate
EID_22713,1.978587879361303e-10
EID_9658,4.559140600604838e-23
EID_22203,3.0170344181815405e-13
EID_7652,1.9706472081825276e-13
EID_6516,7.974483072463512e-15
EID_20283,8.323361645805661e-12
EID_21014,1.9425671602086914e-12
EID_7693,1.2525745815507243e-11
EID_13232,2.4287794094140756e-16
EID_6515,1.9428839767780204e-13
EID_13639,1.512630405449255e-08
EID_14669,3.5516334289259166e-09
EID_16537,3.1165194230457736e-13
EID_5782,5.4872635857572764e-18
EID_20157,3.156110651670686e-14
EID_1855,2.801444841024089e-17
EID_20748,1.686178236942234e-13
EID_23179,1.956481187251606e-08
EID_12838,3.688012454300641e-16
EID_21656,8.173359568085695e-14
EID_8844,4.9713393001280325e-18
EID_1536,9.281874917284787e-19
EID_8822,1.566162147590398e-17
EID_11398,2.908533510048766e-15
EID_12965,1.5070365383705314e-16
EID_5204,6.840462255367178e-16
EID_10030,1.5960561605440939e-13
EID_13227,4.237410289538086e-08
EID_20607,5.990096183774457e-19
EID_14070,8.221029356163788e-11
EID_3755,5.114039869084916e-17
EID_5459,2.3230508739711084e-14
EID_7697,8.022194740722729e-15
EID_3935,2.052050338454772e-16
EID_19046,4.2109289977709396e-14
EID_4040,4.390699095906967e-19
EID_17730,3.249887386051679e-08
EID_4995,4.821645964722322e-16
EID_24653,3.273381888167345e-14
EID_6978,1.3994393702604637e-13
EID_13775,7.055892821780145e-10
EID_14608,2.743609860598099e-09
EID_3148,7.455638451262405e-15
EID_24868,1.1185048355737591e-07
EID_5521,5.51981997508412e-19
EID_21155,1.2489855253365508e-11
EID_3840,1.8340038968963696e-20
EID_10646,3.984846209316236e-12
EID_6711,1.8135282947639767e-12
EID_16247,3.2372440459692314e-13
EID_16789,1.5953673179853323e-15
EID_17967,6.468281078259821e-08
EID_13270,2.446971121487658e-15
EID_18462,4.5026315457388256e-08
EID_22248,2.033318033921435e-12
EID_22693,7.346060945288e-15
EID_25662,2.5178236921368675e-14
EID_23346,8.304374343239982e-14
EID_4437,4.383148941645338e-22
EID_18108,2.1623675787746997e-09
EID_7000,1.2186187120035664e-10
EID_22770,7.43554840754699e-16
EID_7816,8.878749177719211e-14
EID_19615,8.041534231652018e-14
EID_23807,3.1677994128928614e-15
EID_16764,1.2966286373399255e-15
EID_16818,1.4553977258749365e-08
EID_22712,5.363612541172639e-20
EID_18198,1.1315354890930704e-14
EID_11154,2.049127408786529e-12
EID_22137,8.297238319211659e-14
EID_11655,2.360555050605508e-14
EID_18514,1.0034061712358118e-10
EID_24742,4.803192086963584e-08
EID_16019,9.68303429832988e-08
EID_7357,5.092323409996348e-13
EID_20106,1.6736697389741456e-06
EID_13284,2.495158504995512e-14
EID_5451,4.287233653241061e-18
EID_19728,6.352709653627802e-13
EID_9178,8.012948185649885e-17
EID_13177,1.4568263148975496e-10
EID_14300,1.3810850537852499e-12
EID_4379,7.196989368183816e-16
EID_11285,2.0541812823144394e-13
EID_14882,3.2227974912990008e-12
EID_9969,6.769683066192556e-16
EID_23643,1.8313195761617165e-13
EID_5935,2.2499284754910845e-18
EID_7741,1.7555915866761656e-12
EID_6176,1.3818386911916648e-14
EID_5418,6.114176271173922e-13
EID_20626,2.317493206913828e-11
EID_1725,5.360598942749431e-15
EID_14317,2.5415623505518204e-09
EID_12120,5.090575911850272e-16
EID_20264,3.8345815396616826e-15
EID_16691,4.026204963605312e-08
EID_1093,1.415325646822538e-20
EID_2565,1.740600345449528e-21
EID_11463,1.0930124044426333e-13
EID_12005,7.84092391954202e-09
EID_10326,7.992717901133974e-18
EID_12582,2.5001182627914475e-11
EID_18228,1.523292615843519e-12
EID_11670,3.519968190131188e-15
EID_24257,3.7523180425195744e-13
EID_7024,7.027313380323479e-18
EID_10382,2.8148591116788318e-11
EID_20210,5.585035532178267e-14
EID_10294,1.1026510113795284e-14
EID_19941,5.5430185256336704e-08
EID_25572,8.74380724570277e-12
EID_7758,3.9470949060837944e-16
EID_22718,3.060646750189739e-13
EID_1078,1.7988782640500328e-16
EID_8227,6.842681245321994e-13
EID_1702,2.711327077659995e-16
EID_3532,2.4268398702928443e-18
EID_22452,5.17485166493437e-13
EID_3019,8.621077546693028e-13
EID_22264,4.639102385313209e-11
EID_9866,6.437613460946671e-11
EID_3520,4.049811091371635e-15
EID_21098,1.6990134710044201e-16
EID_1186,5.841287794695523e-19
EID_12355,1.725365439707208e-11
EID_11020,1.3104651798277228e-08
EID_19193,2.1392870864332145e-07
EID_17787,7.786179411841043e-10
EID_13719,9.654986566796427e-11
EID_24449,1.0541539928378696e-12
EID_12957,5.031985322185382e-11
EID_24794,7.207124533926358e-14
EID_2866,6.910158069595661e-16
EID_10563,3.8532308244255254e-16
EID_22492,2.4782054735898862e-14
EID_4106,1.6866829972489665e-12
EID_6648,2.419633621758864e-16
EID_7209,2.0994862003525875e-17
EID_9692,1.2367354875851953e-10
EID_22763,6.213406018971474e-12
EID_12622,8.917193496419056e-16
EID_9831,1.435458559564013e-17
EID_5731,2.6766203681841293e-18
EID_1114,4.930870684460379e-20
EID_25017,2.4409927656039946e-13
EID_22956,3.919312878464158e-15
EID_5549,9.567984151015731e-22
EID_12022,2.271497807619135e-16
EID_8034,4.729377232434e-16
EID_20644,3.309450936658495e-11
EID_20125,4.1551684010328794e-10
EID_21957,2.5306327818503412e-20
EID_8870,5.947255785522203e-16
EID_2305,2.475404235173139e-15
EID_3977,5.069832643996469e-16
EID_14845,2.691883320614103e-11
EID_6629,1.462971120700745e-20
EID_14577,3.419884754317694e-09
EID_24509,1.3808055577127535e-14
EID_1530,2.3706894849106805e-20
EID_21524,4.1844145870609216e-20
EID_6647,1.8905647733989467e-13
EID_19730,2.2388678037703883e-13
EID_4424,5.169157793790048e-15
EID_7964,3.27073431347374e-17
EID_6289,8.594447739104599e-15
EID_2899,1.1908382828902171e-16
EID_2827,1.081145314790265e-18
EID_8801,5.775018650713115e-13
EID_20454,2.097915855110601e-08
EID_18988,5.241494702602606e-07
EID_8405,2.195563747443012e-15
EID_14497,8.410312505910713e-11
EID_11769,9.583316358826032e-13
EID_21353,1.0536984214832667e-16
EID_2221,2.7240658516900305e-19
EID_13218,4.665352085392923e-08
EID_4576,1.4448558369238167e-19
EID_17470,1.6281016417914292e-11
EID_14817,1.1348913428218812e-08
EID_21845,8.055131964634051e-19
EID_21987,1.2344842575171495e-11
EID_1168,2.923443128300477e-17
EID_14315,5.331690301957142e-13
EID_5043,1.0385465787139166e-15
EID_1967,6.299511010396882e-17
EID_22274,8.915261573127557e-19
EID_11091,3.404501267476212e-17
EID_18421,8.782160901243179e-07
EID_8316,1.5155758739005317e-11
EID_13308,1.7907615327957605e-13
EID_19481,1.9726956845423565e-07
EID_17732,3.7140021630383914e-11
EID_4504,5.16225601796794e-18
EID_2539,5.8962071074582146e-15
EID_19529,2.9286027546050494e-16
EID_2279,9.744550670559276e-21
EID_14508,1.6168475557352988e-10
EID_12241,1.2559299356425659e-08
EID_11530,1.0277274752380301e-10
EID_20147,7.92528302994509e-15
EID_6154,2.3393738470413e-19
EID_3523,3.3518691326852594e-17
EID_20453,5.2089755923664826e-11
EID_11929,5.591840042879721e-16
EID_12840,2.36382268832081e-10
EID_22320,2.9535796818876256e-15
EID_25383,1.3508186003266913e-17
EID_10731,4.7542263184200967e-14
EID_1017,4.891780253453122e-14
EID_1819,9.185183667255903e-22
EID_22849,2.786623972353065e-14
EID_12290,1.732673568291112e-14
EID_24238,1.383577909974226e-08
EID_3105,1.278916926075514e-18
EID_14242,5.233049531022882e-14
EID_16569,8.842875016111826e-15
EID_8094,1.5128494782247613e-19
EID_7824,1.622429537671519e-16
EID_8978,1.7167290854787124e-16
EID_25314,1.0315165797835355e-13
EID_17810,1.1065933549567751e-08
EID_14856,6.80688047987702e-11
EID_22144,2.073579337826325e-14
EID_23603,3.7103447507396126e-08
EID_7211,3.0289509601288483e-11
EID_19340,1.0212805674699397e-14
EID_1501,1.276114631126908e-18
EID_22111,1.7395282935797874e-13
EID_16147,7.227132391629045e-11
EID_16746,3.909038049456257e-08
EID_20777,1.3108662496840698e-08
EID_12999,6.548032102514634e-13
EID_21663,1.6349634227236102e-12
EID_11862,1.752044815851656e-17
EID_17683,2.6766612129409164e-14
EID_19819,4.527296300285114e-10
EID_21562,2.4750140865633895e-11
EID_24390,1.2821756700601617e-07
EID_14444,1.1997744397473086e-14
EID_3261,5.700609034091937e-15
EID_7752,1.2039521928322547e-14
EID_3033,2.8728429909323852e-18
EID_22433,4.2873865347290673e-16
EID_23727,9.419253091572667e-13
EID_24107,6.853699868585206e-19
EID_22537,4.718257683691201e-13
EID_13645,2.5593605802364586e-16
EID_16021,2.1246449833517044e-15
EID_19800,2.846839186161816e-14
EID_1944,6.73127848350752e-18
EID_15868,6.478699139741127e-16
EID_22188,2.4464347745727327e-09
EID_13833,2.9865293359655977e-10
EID_15028,2.51121953416802e-09
EID_24861,3.999641393010576e-17
EID_13033,5.58636785818205e-13
EID_23673,9.274460307167724e-15
EID_13265,1.3582618733145328e-10
EID_23411,1.2802521176472049e-14
EID_3761,1.514450935886406e-14
EID_7299,4.655388694605783e-13
EID_2379,9.317583052683174e-18
EID_18863,1.6697185298721248e-10
EID_12115,1.2048065783571222e-10
EID_23879,1.970582723448615e-15
EID_16586,1.356845505094087e-07
EID_19003,3.0846788600226626e-12
EID_11107,1.387224511251023e-16
EID_15416,2.3346464088086597e-09
EID_19214,3.7323379849953934e-11
EID_5135,4.080368988555375e-18
EID_22464,1.4997775465685404e-08
EID_22759,1.2868803759365542e-10
EID_17833,2.484557334308809e-10
EID_17627,5.0655729400542e-15
EID_25730,7.460281808351812e-10
EID_2377,1.0154730526135008e-19
EID_18085,7.206511066278463e-08
EID_14096,4.307721173451391e-12
EID_8384,3.837509580539691e-14
EID_17105,4.4453911424423276e-15
EID_9929,3.8301997275752164e-13
EID_13267,7.230914469154399e-10
EID_12954,2.2107479854415696e-12
EID_4464,6.831405026894623e-17
EID_11464,2.8484877117999453e-11
EID_19308,6.272932067605918e-08
EID_17530,2.3854752193941085e-14
EID_6981,1.2657675871134936e-12
EID_19951,4.302505412377518e-14
EID_1100,5.110771331268141e-15
EID_25145,2.4276797758843388e-15
EID_15614,7.141222750519286e-10
EID_2961,7.830107425212589e-16
EID_1742,2.262489672671288e-21
EID_2843,4.438751152987598e-20
EID_9549,3.636471441184616e-15
EID_12832,8.557078537123001e-13
EID_17914,8.971148994717888e-16
EID_22832,1.4959966004871667e-14
EID_5755,5.849428704854153e-19
EID_1141,3.1922609058361485e-15
EID_18954,8.957230427181935e-14
EID_10824,5.146327197836069e-13
EID_24478,3.288943437982944e-15
EID_14916,1.1897129195965476e-10
EID_4434,2.6339146931112408e-20
EID_23650,2.7473064757501304e-11
EID_16556,5.816665113592481e-12
EID_24656,2.621195905483321e-11
EID_25965,1.1874105513572672e-14
EID_9279,6.953311597641721e-19
EID_13802,5.56474375125594e-14
EID_2748,1.6788203297376601e-18
EID_17346,3.009772880196942e-10
EID_1171,9.607435851472347e-21
EID_1552,1.0014914178089913e-18
EID_20674,4.789444151044496e-19
EID_2475,8.81366640711004e-20
EID_16714,2.1522542822239778e-13
EID_7857,2.1640851987586123e-15
EID_3294,1.3564020184327091e-16
EID_2280,8.973302777266831e-17
EID_10203,2.0575270519025552e-17
EID_22162,3.114701329012837e-13
EID_10438,4.7256863157642385e-15
EID_12898,4.744662945296634e-10
EID_4358,4.006673336416024e-20
EID_6179,3.3003407255906627e-16
EID_2538,9.425381591266889e-21
EID_13110,1.5953265897340558e-07
EID_24585,3.5411336354480415e-16
EID_1006,7.473398663108076e-14
EID_11632,6.587357527423733e-12
EID_21011,1.486102573353728e-11
EID_16869,6.750164548464052e-12
EID_20564,8.230157502291886e-17
EID_12996,4.1118030867122834e-11
EID_1503,6.111047107168695e-14
EID_23053,3.85256561803894e-09
EID_22049,1.0774094372190987e-13
EID_4346,9.870603350081412e-19
EID_1887,1.8883652339788294e-14
EID_16849,2.8564949524530234e-13
EID_10071,1.5724273641774704e-15
EID_11265,3.8736457495371335e-16
EID_12611,2.026237456599812e-12
EID_25542,5.796362328105632e-08
EID_11582,1.1295044150151827e-12
EID_19550,3.1771201969348015e-19
EID_5351,9.243242890355367e-19
EID_3305,1.1530818337232015e-19
EID_18846,1.0776144752959902e-12
EID_24764,1.5244836405079383e-15
EID_2191,1.1869512942945339e-14
EID_6314,1.4281191122960933e-10
EID_23248,1.4557410744506353e-09
EID_4570,1.7684087112297805e-19
EID_16415,3.8681161838999155e-07
EID_11002,3.2954055066941823e-12
EID_20498,9.36383383230614e-15
EID_7846,4.362586309382684e-18
EID_24121,1.6905758012147655e-11
EID_7536,1.6687229590106506e-10
EID_2015,3.9139192396946636e-16
EID_7934,1.1196887583514237e-17
EID_20903,4.045959854088785e-08
EID_17535,2.570214408235456e-10
EID_19760,4.0924229913633626e-10
EID_9550,1.5826928636116722e-17
EID_4261,2.417529597341711e-17
EID_19753,6.11527267936762e-08
EID_13542,1.7602439174995064e-09
EID_24283,2.098998540919534e-17
EID_7552,1.7730406380717285e-13
EID_11577,5.439431518004408e-12
EID_3228,4.039351811934622e-16
EID_17468,3.3948330495285044e-15
EID_15815,8.209478542503362e-10
EID_2093,7.606364749990282e-16
EID_21356,7.381392587241857e-16
EID_12357,9.253929129718757e-11
EID_18495,1.4150032691861718e-10
EID_5098,1.032405273697166e-15
EID_12691,1.1093125104654999e-12
EID_13240,1.2670781763565135e-16
EID_19312,5.733867850627341e-07
EID_23914,1.1975581294254429e-12
EID_23175,7.063673289468606e-18
EID_15413,1.1773520721833898e-11
EID_4785,2.5422950215204353e-18
EID_25933,6.202198272595152e-12
EID_22705,8.423762439674221e-14
EID_19350,1.016121815253687e-13
EID_5369,2.297303103373408e-19
EID_20410,5.217131231999256e-16
EID_12557,8.010253686939618e-15
EID_17678,2.742509156639392e-07
EID_1342,1.4055207724883978e-21
EID_12230,1.3057191237688291e-17
EID_1311,2.1256152090416733e-19
EID_5860,2.5749205674021622e-20
EID_4259,5.290082318013391e-14
EID_10209,2.5223344067861347e-17
EID_2300,1.18853422931588e-16
EID_17408,9.359070047407017e-09
EID_1883,4.531305628530382e-16
EID_1053,1.1826831066521246e-21
EID_23610,3.794241198224266e-12
EID_17585,4.5224062359709815e-11
EID_20845,5.602514565194351e-13
EID_15683,3.382015270433274e-13
EID_11976,2.5536128599666807e-12
EID_12031,1.8484729634692552e-13
EID_1711,1.5490288273226056e-20
EID_6239,6.860322934850225e-14
EID_25541,3.678625789144062e-17
EID_9308,2.784661588570927e-18
EID_18168,6.599885212395898e-10
EID_11934,2.0790622039441568e-13
EID_23472,3.609758411919555e-16
EID_13731,1.4305925028048488e-09
EID_16069,1.0431646915166267e-09
EID_18276,8.631027256645171e-09
EID_6141,7.768165198602769e-19
EID_12061,1.0759543527077443e-13
EID_9450,9.489287086419339e-11
EID_21730,7.584574188307219e-12
EID_19506,1.4059393422627585e-16
EID_13552,9.126737665697065e-14
EID_9945,6.432349561100889e-13
EID_1924,2.5935764768673998e-18
EID_18453,1.3491590573887571e-09
EID_20225,1.979454848041482e-11
EID_18673,5.5574987109586574e-08
EID_11420,2.6071410643610255e-11
EID_16631,2.174032129187913e-15
EID_21237,3.794378965932963e-09
EID_5015,7.518907614790683e-21
EID_20179,5.090474142696647e-15
EID_12073,1.0730601387089196e-16
EID_21147,1.9409132196225126e-08
EID_6714,1.1280839840543034e-18
EID_10645,8.409561603322601e-14
EID_18298,7.258309863895281e-13
EID_2640,2.2065800825458232e-14
EID_2318,1.714121255388093e-13
EID_25226,2.587056879899335e-16
EID_24099,5.67924986203297e-14
EID_20938,1.0357211801146719e-16
EID_8377,5.691709087156739e-20
EID_7023,2.6164542354792466e-13
EID_11385,9.192126336529329e-11
EID_15016,3.047961544211603e-11
EID_25794,3.6051410440593204e-16
EID_11494,3.1677452292194176e-14
EID_2425,7.320238164457065e-19
EID_9847,2.1141212399632808e-16
EID_3570,3.328153236504321e-21
EID_13573,2.4443381981519195e-15
EID_13780,5.519995931459194e-15
EID_2949,4.746644535601778e-17
EID_19834,3.6087148956952207e-12
EID_11384,2.5975196211075745e-13
EID_23154,8.978797711760454e-15
EID_9337,4.1223986247643155e-13
EID_3653,3.2107607185889837e-18
EID_4850,1.599816872666985e-14
EID_16283,1.3004912822796655e-07
EID_5107,9.22053931605419e-19
EID_25156,1.0664840949851765e-17
EID_17223,7.097340936103645e-07
EID_14695,6.302102429338634e-10
EID_11374,6.612512459325138e-14
EID_13672,4.098104847323878e-16
EID_6782,5.3469303811634535e-18
EID_25074,1.7900539820081846e-18
EID_21087,4.553836179521487e-17
EID_13017,2.917878438340091e-14
EID_9947,7.479903408950558e-17
EID_21221,5.511811037657903e-12
EID_21639,8.930959363455185e-10
EID_20333,1.2637244434214554e-08
EID_2970,4.982990659374713e-18
EID_7624,4.2316932652020176e-11
EID_15741,5.271195047674068e-11
EID_1312,5.749358309242772e-21
EID_19575,1.5357824811545198e-12
EID_21047,1.0975200625311614e-14
EID_11969,7.996023717720639e-12
EID_19145,8.577388346884792e-14
EID_9871,1.0465243029324547e-16
EID_18852,2.557583159999733e-12
EID_22326,5.36791102808673e-17
EID_7259,5.685470308321294e-13
EID_21920,3.540847095691136e-09
EID_1436,5.571396039472272e-20
EID_8261,6.884025358451122e-15
EID_23228,4.9849407907705423e-17
EID_5560,4.132322800551053e-13
EID_22357,1.9702385129092628e-12
EID_4816,2.3092271676416635e-14
EID_10000,2.5286777048494084e-13
EID_21908,1.1733628648864739e-13
EID_14887,6.324786585072212e-11
EID_12497,3.703158480599409e-16
EID_17976,8.497428401660903e-16
EID_17356,3.2228521101132085e-11
EID_9785,1.317360112210933e-14
EID_16224,9.675452079649832e-16
EID_6020,1.1436241076118602e-14
EID_20716,2.1309182153372316e-15
EID_11351,1.280974695160759e-12
EID_20899,2.8312300964599594e-13
EID_9718,1.2729904242009057e-15
EID_9479,5.978664184586594e-15
EID_25048,7.174590448021926e-21
EID_23370,8.84491596677787e-18
EID_13877,2.0912930836569882e-07
EID_12256,5.178206343294567e-15
EID_1903,1.03166633428009e-16
EID_8830,8.557877105968737e-13
EID_22060,8.842003018050133e-09
EID_11996,2.2290087473486313e-09
EID_21061,8.901740250143895e-12
EID_22604,1.89625120060681e-19
EID_18463,7.676088056670136e-09
EID_11375,1.0594730382304436e-16
EID_2685,3.967618154407075e-13
EID_16010,1.864481665382689e-07
EID_19288,4.6678279746958334e-14
EID_9283,1.4441961085765824e-12
EID_11122,5.136967313375567e-10
EID_6638,1.1521510109584633e-18
EID_25516,1.782577105168508e-15
EID_3864,2.814973589059059e-20
EID_9746,2.680077867455617e-19
EID_8407,2.4657567180099815e-14
EID_25463,1.1434705205579054e-09
EID_23098,4.0606746403187075e-09
EID_22512,5.88999515490061e-08
EID_14671,1.7445784968596234e-09
EID_18482,2.2683735420823067e-10
EID_8151,5.1285490558924755e-12
EID_16624,3.4322117354448057e-14
EID_1983,1.0205043854579676e-18
EID_18445,3.8919116894193103e-07
EID_11891,2.0577184024411625e-15
EID_2010,9.684437486550416e-15
EID_4592,7.96475975627917e-17
EID_17412,1.6077758410744925e-13
EID_24883,2.1001368404553064e-11
EID_15661,1.5534714358838157e-09
EID_11757,8.754779739069477e-11
EID_2627,7.505068463598756e-18
EID_13243,3.956324614416739e-12
EID_10917,3.9346048946136925e-17
EID_4360,2.0686028614436502e-20
EID_13536,2.6792044372674097e-16
EID_10695,1.9758920240756304e-12
EID_5746,4.925327837919075e-17
EID_1178,1.2380086364275135e-17
EID_15290,1.0900335537836838e-12
EID_3540,2.958128103824149e-17
EID_14684,4.653645592959207e-16
EID_7914,5.4877391219466075e-14
EID_23733,2.9248342948700607e-15
EID_5907,5.995115072998142e-15
EID_5142,2.1875280710808628e-17
EID_7686,5.715957122277498e-14
EID_12078,2.4780704481433695e-11
EID_4880,1.4766168361440599e-16
EID_1527,1.561499830613724e-22
EID_15919,1.2148282042283957e-13
EID_1260,1.6982843750784774e-19
EID_22377,1.6078525062961435e-10
EID_7876,1.4228149627021353e-19
EID_1213,6.962295824681495e-22
EID_4161,8.396815643757994e-15
EID_3214,1.6298915935407696e-18
EID_17651,1.758708802865245e-14
EID_8005,7.738922474560584e-14
EID_12852,8.688596100954894e-13
EID_21465,5.253874636164707e-09
EID_7371,7.213821207403509e-13
EID_25687,4.927711826519405e-17
EID_17222,7.034890928186636e-13
EID_1994,6.612600643597194e-18
EID_22384,6.78705308777569e-09
EID_6344,1.0653281170829979e-16
EID_18801,8.861492676435029e-08
EID_13688,4.345611480884145e-13
EID_13779,1.7352646615931223e-10
EID_24969,5.879203711751743e-20
EID_15311,5.6118694076125656e-11
EID_9095,4.931397618990084e-19
EID_11675,4.0477131906723594e-13
EID_14870,2.4887257812333847e-12
EID_1575,1.914100720899963e-19
EID_7440,4.658297908799451e-16
EID_24259,2.3572938256527525e-14
EID_19501,6.172388672104251e-10
EID_23743,1.860876952084418e-11
EID_13287,2.2169189705191826e-08
EID_2226,5.1056509754323836e-15
EID_22439,9.85119264525794e-18
EID_16078,1.1845914244122313e-10
EID_18895,2.229588940044966e-12
EID_19860,3.438513261397586e-13
EID_24564,1.5487037864850382e-15
EID_21747,1.700970189289104e-10
EID_4659,1.2416967876336831e-19
EID_24149,1.1159490520177618e-10
EID_13300,9.925561807337254e-15
EID_16950,2.1890646114353076e-09
EID_23778,7.835923270936146e-17
EID_14691,3.714846107651631e-12
EID_10789,4.8233554458510514e-17
EID_5525,1.0865169752577653e-18
EID_19424,2.611099046253904e-16
EID_6171,5.413405148318904e-17
EID_19569,2.745178841840743e-13
EID_4602,8.522164276779904e-19
EID_17919,1.2038330066628464e-07
EID_4286,2.100317571425247e-17
EID_1973,9.086808941513213e-18
EID_25715,6.732594859321093e-13
EID_23385,7.46464545335129e-13
EID_13681,3.1296378673535485e-15
EID_25410,2.130611927962883e-09
EID_18267,2.3225078226308286e-12
EID_15252,8.192109438213358e-16
EID_23214,4.0618852136696134e-14
EID_18551,5.709561541503305e-16
EID_2401,2.0890101814201042e-15
EID_7609,1.4759915987224752e-13
EID_21291,4.1764529889049795e-15
EID_10126,3.8640263584022747e-17
EID_19714,2.774583828318356e-10
EID_4911,1.0082946505324762e-15
EID_12505,5.029784402500346e-14
EID_10377,5.811474685605261e-14
EID_3407,2.3202293352973346e-16
EID_3386,2.8478075751488593e-15
EID_7623,2.751453045783303e-16
EID_19517,1.3651062726527307e-12
EID_21782,9.30558788511436e-14
EID_12361,7.73628162188035e-09
EID_21171,9.126638481922575e-18
EID_17836,7.654434021526852e-12
EID_20286,7.600976517665994e-15
EID_25798,1.4609566688017588e-07
EID_15699,9.967406775243626e-08
EID_17006,1.223877429513098e-07
EID_22476,2.378551825656152e-13
EID_9406,1.8577775942086727e-12
EID_13559,8.095660519756616e-15
EID_1340,1.5567259957689046e-14
EID_17848,1.0791285292546886e-11
EID_20358,6.147537880923461e-08
EID_14265,5.887951012854009e-13
EID_9820,3.4755611561039807e-16
EID_13755,1.3606410107233871e-11
EID_13293,7.981594572237948e-14
EID_25837,4.219979703082654e-12
EID_20466,7.69076707674281e-10
EID_11032,5.89806013545738e-11
EID_2399,5.742235479613327e-16
EID_23917,7.105185943864254e-14
EID_17011,8.535517378422867e-10
EID_8967,4.0821183313529516e-17
EID_24468,5.906749064447862e-12
EID_8435,9.367636575763502e-19
EID_17953,2.104383070023786e-11
EID_7140,4.1943026724902164e-12
EID_24404,2.0322556708162166e-14
EID_14380,3.6531257762582926e-08
EID_1232,1.2258529897554245e-17
EID_1573,2.2287771724244924e-19
EID_3684,1.0904360956353781e-14
EID_15824,6.073879201618234e-10
EID_9212,8.364907563218296e-17
EID_21121,3.585751459510087e-14
EID_6346,2.0502430302925502e-19
EID_9525,8.92495606815248e-12
EID_9726,2.6541228582736848e-14
EID_2526,4.563812084883056e-16
EID_4228,2.786777787024747e-18
EID_14595,5.616933111333749e-13
EID_15856,1.0068664088606805e-11
EID_6768,7.646974562356237e-16
EID_23953,1.929248535280999e-10
EID_19059,1.1834073771913975e-11
EID_5268,3.4464572492360656e-15
EID_7619,3.400812973960879e-14
EID_23028,6.00598986540428e-11
EID_22104,2.9695640957816863e-12
EID_10318,1.890128170391603e-18
EID_25369,3.412401193575558e-13
EID_16633,3.684703348787824e-08
EID_15848,4.4447549414657405e-13
EID_2240,1.4392084329527104e-16
EID_1059,2.1578003781101172e-20
EID_9315,1.179943768610725e-16
EID_15388,6.361298489213998e-10
EID_9984,1.4204663822622188e-09
EID_4296,2.879819174787923e-12
EID_10927,5.106602170192804e-10
EID_25054,5.821422510952241e-14
EID_1884,2.6262238768991412e-14
EID_21960,1.8379210618387176e-17
EID_5572,9.892805593706733e-15
EID_16872,1.2859214067900168e-09
EID_24525,1.4922233833652504e-08
EID_14237,1.7873955749013733e-13
EID_7114,2.050691401414894e-13
EID_7448,4.3590577893593825e-15
EID_17668,4.970338024282467e-08
EID_7674,7.447046642187425e-12
EID_5884,3.339691441988218e-12
EID_13942,1.483195532802783e-14
EID_13098,3.9220457890975077e-14
EID_7695,2.0605240437609294e-16
EID_5350,2.6965028317404896e-16
EID_22853,7.324554786153757e-12
EID_2385,5.721864997235866e-18
EID_18006,5.9428724465060555e-08
EID_12875,1.6167131003938224e-09
EID_5478,3.679205860305144e-19
EID_18690,4.4965690610953403e-07
EID_12545,4.614561701907385e-16
EID_13888,8.915313851187243e-12
EID_9732,3.038212856686272e-17
EID_18001,7.640649452914916e-13
EID_17479,9.624867425033783e-16
EID_23757,5.071317530814306e-14
EID_1303,1.9854382797706444e-20
EID_5375,9.712975232048283e-14
EID_5869,1.3291407768334713e-16
EID_8825,1.2204647444457502e-19
EID_22567,3.590097804784439e-15
EID_16273,3.881224794773194e-10
EID_20618,2.087545009309113e-10
EID_3608,1.3262312737203719e-18
EID_8806,7.08841138034945e-17
EID_23170,6.387986514888771e-10
EID_12243,2.890523734216718e-13
EID_20089,1.232566911024181e-13
EID_16852,5.32583847471919e-08
EID_18312,1.5742590808070568e-12
EID_14010,3.0070581558205794e-16
EID_14705,5.981882798395625e-13
EID_20956,2.870962292836146e-12
EID_18794,7.396165799356745e-11
EID_1629,4.199046399351946e-16
EID_25483,1.7951441936953404e-11
EID_4542,2.349476190252673e-16
EID_10076,2.526065564261868e-16
EID_9469,1.3318332415854272e-15
EID_25284,5.349152790379397e-12
EID_11972,3.079087205508077e-10
EID_1798,7.000782151648809e-20
EID_21903,2.287457958871845e-14
EID_20031,1.0113141061163191e-14
EID_20365,3.502919169998953e-09
EID_9210,5.847448808676238e-14
EID_19750,8.90121618474244e-16
EID_4006,9.066853092518048e-18
EID_24922,1.7017562966153285e-15
EID_4760,3.9534537323720755e-17
EID_11035,1.4948497961168792e-09
EID_21008,5.695689474897277e-18
EID_23731,4.818227052427243e-16
EID_21788,8.626672476863675e-15
EID_5428,2.948873543392975e-17
EID_14023,9.12705625161165e-12
EID_2937,6.665349541476493e-17
EID_16931,8.291011583929312e-08
EID_18299,1.3243086170594084e-08
EID_6660,1.0427380507208532e-20
EID_23187,1.4225171484866469e-15
EID_14868,2.1771274535631573e-15
EID_23247,6.677858250250914e-17
EID_15971,6.001902788967056e-10
EID_7852,4.1974405218131965e-18
EID_7017,3.1109315083626734e-20
EID_7494,1.263283146452803e-15
EID_18706,2.985412048746107e-14
EID_22784,7.416160847819872e-10
EID_10756,2.1319374579119394e-14
EID_6854,1.1384846417919566e-22
EID_12554,8.864061195098136e-09
EID_1162,4.938010632222877e-20
EID_19581,2.8086146730850165e-11
EID_2169,2.681112727801856e-17
EID_25149,3.00012996310242e-14
EID_22575,3.939500437511369e-16
EID_2265,1.9918047181607076e-16
EID_19668,2.556142754761367e-09
EID_19245,1.895871362543703e-13
EID_8194,2.700470755129655e-19
EID_8081,6.0757753888483235e-21
EID_8670,8.395714191170363e-15
EID_7992,9.320192091736732e-12
EID_6596,2.825411522783573e-13
EID_3699,2.9170015960265566e-22
EID_9698,6.9319824515629696e-18
EID_1847,2.208046569624299e-18
EID_16179,4.6610608290100063e-11
EID_23663,5.039245816654928e-15
EID_24287,9.674083829996701e-14
EID_3527,2.8957398258248607e-16
EID_18652,7.005621217075676e-10
EID_24110,2.747151828847691e-12
EID_21419,8.81379423527408e-10
EID_12865,2.9161021741861187e-17
EID_9237,3.327449665067448e-16
EID_20408,2.8177188583567444e-13
EID_22934,7.292255421235472e-16
EID_6492,1.2767146920146702e-12
EID_20285,1.7174258776377106e-10
EID_1286,2.42530113485287e-19
EID_12542,1.0268721946411519e-13
EID_5523,3.1294519897176157e-21
EID_1979,4.6263787847842905e-17
EID_23146,1.2946309819006125e-14
EID_4773,6.4433060982760554e-18
EID_8785,1.9477273567343847e-15
EID_4463,1.1000939447756104e-18
EID_24028,1.524641603466502e-13
EID_20920,8.719522481867753e-19
EID_21392,8.666195433392463e-13
EID_4079,2.222269285954112e-12
EID_5173,2.4747122462568583e-16
EID_22915,1.9729585099090383e-17
EID_18347,1.4011388759250905e-14
EID_7984,2.1701979963551736e-20
EID_25148,3.412258098463907e-20
EID_4350,1.4566317533560917e-10
EID_6909,2.6440103198128734e-13
EID_10582,5.909432837478155e-15
EID_6248,9.606550435115801e-15
EID_10035,6.374147517257669e-12
EID_24603,2.854028055320486e-15
EID_1794,4.933398572251325e-13
EID_9407,2.3674731021148805e-10
EID_2114,5.160473341276165e-20
EID_21125,1.2176212652300997e-10
EID_15046,3.304889514899206e-15
EID_8058,4.9323921510761056e-17
EID_1961,4.067494516192894e-17
EID_23324,7.046432464746183e-12
EID_21521,4.533573345327326e-12
EID_11043,3.090925918651199e-10
EID_6461,1.759939765805148e-14
EID_10398,1.5237090802580728e-16
EID_20635,2.277935441104147e-08
EID_22940,8.116991157497443e-08
EID_8582,3.0176194687318643e-13
EID_12770,1.414308686906538e-16
EID_15982,3.739250115000754e-12
EID_19692,6.795743658115248e-16
EID_18304,1.1456276358635823e-15
EID_13603,1.1340323073903593e-11
EID_6145,5.13076487437899e-17
EID_16587,8.345917563991019e-14
EID_16835,7.942200429875193e-11
EID_8399,1.1804297172504167e-10
EID_7012,2.7526949010370984e-12
EID_20575,5.5054444716605945e-11
EID_20747,3.5632474240667696e-10
EID_3907,2.686207948600494e-17
EID_22626,2.989079892490402e-08
EID_4442,4.89655951906763e-15
EID_18034,1.833298978796435e-12
EID_16055,5.220493677981585e-16
EID_21684,1.00273896701798e-07
EID_17499,7.57706561693647e-15
EID_1222,2.3074585012439272e-20
EID_17204,3.582000269818285e-12
EID_22732,2.0141149919521614e-17
EID_8539,1.4519407174433337e-21
EID_23136,8.369182803717465e-14
EID_24470,1.6802342558005423e-12
EID_17404,8.153692765552915e-09
EID_21498,1.0564951258313134e-16
EID_19495,8.092375983773051e-11
EID_23966,3.432409877137309e-12
EID_1388,3.710035284780005e-20
EID_7374,1.470586036773887e-20
EID_25441,1.030053377680719e-14
EID_16616,8.525747432770089e-10
EID_7654,5.932536019224864e-13
EID_4217,3.045087112305637e-17
EID_9968,4.687784024748484e-10
EID_17830,6.032592578713992e-08
EID_12023,1.2106733422730164e-11
EID_24002,2.9771873786779377e-18
EID_11371,6.533206914878223e-16
EID_11096,6.5223175606675246e-12
EID_24835,7.758794552406261e-14
EID_17439,2.317350023910821e-09
EID_6587,2.3621006702198795e-17
EID_21946,3.50323185726324e-14
EID_5431,1.7109048081995184e-15
EID_4723,1.0440006930288861e-12
EID_11535,3.383304405354124e-10
EID_2330,1.674853490537591e-18
EID_23531,6.43060233781169e-13
EID_8913,3.3384428490885456e-17
EID_21273,7.788231521199775e-18
EID_11927,6.684672782416581e-12
EID_1385,1.0978206247052252e-20
EID_15758,1.3850321088395534e-15
EID_1023,4.895274646171179e-17
EID_8959,5.199344642276996e-13
EID_12911,1.2659340476714703e-15
EID_15925,2.2473311725313688e-11
EID_17769,7.658157229990629e-17
EID_19842,2.0681644366072348e-13
EID_15875,3.175873280374333e-07
EID_21284,1.3131970635532528e-12
EID_24825,7.336465115869735e-13
EID_23825,2.7045795632820433e-10
EID_13001,5.223183900719847e-16
EID_25601,1.3459637942264382e-16
EID_24670,1.3745277963082207e-13
EID_24412,1.9595256025309186e-16
EID_18712,3.029101988459454e-09
EID_21138,5.3533428995085645e-17
EID_19335,7.992608290057949e-08
EID_16753,2.6717855611912766e-11
EID_24399,1.1509383571065972e-07
EID_12567,1.1933114841421608e-16
EID_22161,1.8542448183066724e-11
EID_12609,1.0618597030897872e-11
EID_22249,1.0734355567652623e-07
EID_5314,7.266923843798082e-16
EID_1897,2.4821032488381e-17
EID_22507,1.3300355690850006e-13
EID_2878,2.030790308825494e-14
EID_10098,4.3787032727421063e-13
EID_18435,8.906794855041317e-13
EID_8063,9.729692904641147e-18
EID_3512,3.06690836196598e-13
EID_24444,1.4621731314001154e-14
EID_9813,5.147626760278223e-14
EID_25132,3.631922758332212e-09
EID_5613,1.17655260838657e-11
EID_14062,1.5436090056076895e-08
EID_20073,5.563824280426935e-12
EID_12506,1.9014893274691227e-16
EID_1092,3.919146599976851e-19
EID_15895,3.77220768434937e-14
EID_1039,2.333178257906649e-14
EID_22016,1.2418628951019667e-12
EID_6764,3.409417227692462e-13
EID_17384,4.728015988738684e-10
EID_8705,2.0141533396139577e-16
EID_14832,4.4300132429548524e-10
EID_16473,1.2050405679274816e-07
EID_11186,3.83532029400361e-12
EID_7476,9.059748419830513e-14
EID_19671,2.9606837382286455e-11
EID_14001,2.20183510764035e-15
EID_10658,9.05438706608161e-14
EID_6668,3.2397267479440094e-16
EID_13786,1.4124644888905494e-13
EID_11224,4.868679104683766e-14
EID_13296,3.700132886411907e-11
EID_22145,2.841569103336488e-17
EID_6494,5.360123597133609e-15
EID_1649,5.2737742226543525e-20
EID_20878,8.939009313071346e-15
EID_3790,9.571940567599437e-14
EID_9257,3.0398155321055482e-12
EID_14917,4.451394496262579e-15
EID_22052,7.506056512436922e-12
EID_1198,2.542495364057549e-17
EID_8478,1.0642813091242918e-15
EID_2071,1.0457278731001023e-19
EID_1250,3.736023183322261e-17
EID_9000,8.0893891031822e-19
EID_17319,5.853604192852688e-13
EID_21794,4.3997114433382853e-16
EID_23350,7.174199437956632e-15
EID_16278,1.9194913901683155e-07
EID_3330,3.9437539856993555e-15
EID_12584,9.700837544731652e-17
EID_9354,2.5697654957374033e-14
EID_15007,4.4661494232140125e-13
EID_11656,3.665184849543705e-10
EID_22526,3.044864073665513e-16
EID_11027,1.6266677371363625e-14
EID_21588,2.384743117089248e-14
EID_13717,1.687310859319302e-17
EID_8073,2.637674302578358e-17
EID_15972,2.667428296266861e-13
EID_5730,4.756195577291108e-14
EID_23968,6.071287815828035e-09
EID_4299,1.1373187946195996e-13
EID_6302,6.778100323054002e-21
EID_6974,3.7416117311379585e-18
EID_4829,2.7629865376679457e-17
EID_21139,1.240942244525513e-20
EID_23456,4.2259900819191875e-17
EID_20110,8.903877613549931e-11
EID_20342,1.5643368865461971e-13
EID_15238,2.926610442707236e-12
EID_10349,2.535178477007585e-11
EID_10077,9.332526396255424e-13
EID_22330,6.393708117292314e-15
EID_4368,9.108566515925265e-15
EID_8859,1.0230011328580042e-12
EID_24277,7.624371857222079e-17
EID_1061,6.732436870778756e-19
EID_5597,2.5117699090101024e-15
EID_4820,5.682361106212594e-16
EID_5863,2.5564301919808244e-17
EID_23680,8.252983701001314e-08
EID_5542,3.764419670818977e-21
EID_6203,6.973192377626527e-14
EID_5355,4.313555257585523e-12
EID_19669,1.3587480463807022e-15
EID_21725,2.5415115768572334e-09
EID_2138,9.490855809231095e-21
EID_24278,3.8849683286592994e-11
EID_6591,8.200589433255805e-12
EID_21056,1.1160131273572476e-19
EID_18759,1.032146191142896e-11
EID_12059,4.940216030209647e-17
EID_11077,9.531705741695231e-15
EID_17216,1.4239449543654233e-07
EID_15655,1.892935145841952e-10
EID_19017,3.816973158224884e-10
EID_17846,3.3214371504916265e-09
EID_6418,2.5233872648474023e-14
EID_25942,9.437468958731405e-10
EID_5420,1.0440818946113616e-17
EID_11764,3.4450647174508254e-17
EID_16483,2.1746807141739097e-16
EID_1901,3.783735733411698e-18
EID_21480,4.207831563848953e-10
EID_8006,1.5421408966602692e-11
EID_1282,2.992721803409747e-15
EID_6895,7.215883905715538e-13
EID_13677,5.277587132563847e-16
EID_6071,6.832573259629212e-20
EID_14425,3.148167138585132e-12
EID_22685,1.0419416413096148e-11
EID_20203,1.2478308654152964e-09
EID_19161,1.4496401720388103e-11
EID_1947,8.3776315616875e-14
EID_16574,1.776541762254961e-08
EID_2561,3.376020354121781e-16
EID_20668,7.04302443199875e-08
EID_7831,2.1334818191614957e-14
EID_8769,5.148697736513154e-16
EID_25191,6.238851694894412e-07
EID_15590,1.3963622336660365e-09
EID_12458,8.962621563524315e-15
EID_11406,1.8254934741640636e-09
EID_17629,1.375821403636162e-13
EID_4632,6.37743957614081e-20
EID_18455,7.875336644607711e-07
EID_23077,2.9863400875103766e-14
EID_25024,3.879831515292757e-15
EID_6269,1.3540329297558167e-15
EID_12100,1.4006098078451403e-16
EID_23190,2.088130352561319e-13
EID_9030,4.1089290285927994e-20
EID_12359,1.1548770815302628e-11
EID_12041,3.005307873854759e-11
EID_2019,3.352509201636236e-14
EID_22974,4.487132457441677e-19
EID_10351,1.1871109036852577e-11
EID_23630,6.815599357726943e-11
EID_7309,8.26730773736105e-14
EID_19821,8.505543420866394e-17
EID_4033,9.535508660496989e-14
EID_3435,1.1120436123436846e-17
EID_5759,8.388281419491692e-14
EID_12826,4.6591970127166115e-15
EID_8148,8.831843330904953e-14
EID_16088,1.0315339876848245e-09
EID_15783,9.892489878542674e-16
EID_19521,5.551655272337911e-17
EID_13016,5.204662986996893e-15
EID_13708,1.3046416938030134e-13
EID_4237,1.4013495695066556e-16
EID_3620,1.4581294673029262e-20
EID_10042,4.037177505245506e-14
EID_8833,1.4973176217293042e-17
EID_21028,1.990047864209199e-17
EID_3485,1.6003905256174377e-13
EID_23372,6.466414933892114e-16
EID_19410,1.7713189140720013e-11
EID_6598,5.045810101980675e-18
EID_25371,1.2312031157398484e-14
EID_19483,2.1423809237533036e-12
EID_22826,1.1238213762680392e-07
EID_23606,4.128480400107403e-14
EID_9346,2.529447264745425e-13
EID_1608,3.064585984340852e-16
EID_1603,8.911534845172475e-22
EID_23041,1.565130649814238e-08
EID_7801,5.322607404314375e-17
EID_22456,1.6044193003499545e-12
EID_24428,2.093066600357371e-11
EID_10811,3.0370425033196475e-09
EID_24566,1.0268076494726896e-14
EID_2531,4.290363813772032e-15
EID_10878,9.793393248593775e-12
EID_19548,4.932540033958953e-13
EID_11988,3.01573009980737e-16
EID_11378,5.027317517723609e-16
EID_9896,6.326167113451023e-13
EID_17323,4.5429340582886755e-13
EID_24976,1.5921521172926094e-17
EID_11249,2.104676602316603e-14
EID_20395,5.061310913383832e-08
EID_18262,1.3200971667908077e-07
EID_14670,7.152636380133166e-15
EID_12880,6.887006431783566e-14
EID_1406,1.33273074574091e-20
EID_23014,1.4786044223031043e-08
EID_5224,1.5434904110025259e-18
EID_3232,1.1737410266187407e-11
EID_22327,4.2456218501019556e-10
EID_2285,6.955944653628362e-18
EID_20468,5.986076301499619e-19
EID_4443,6.2816827948429546e-15
EID_15641,9.091141484312911e-11
EID_8106,5.668620158113196e-18
EID_13958,4.848246177729057e-15
EID_10214,3.79666815574849e-18
EID_17739,1.3325013811420931e-15
EID_13347,7.29672254045539e-14
EID_23453,2.886191607189476e-14
EID_1477,3.002307706285215e-16
EID_20224,5.898467831688406e-13
EID_2362,8.516816836454297e-14
EID_21421,3.1695868851822715e-15
EID_7860,7.690381617936386e-18
EID_10286,7.127255117998616e-13
EID_7184,9.46730401075109e-20
EID_21742,1.686051319795724e-11
EID_21610,3.594392753040021e-16
EID_19375,8.898007151283711e-15
EID_18564,6.29124117977531e-13
EID_19108,2.1450100131986337e-13
EID_17928,2.9977413612535956e-07
EID_25613,1.5608549081980446e-14
EID_23787,1.316626112116586e-14
EID_2392,1.8653711727248717e-19
EID_7574,2.0905813604241828e-13
EID_9810,6.680324089341679e-21
EID_14332,1.3370043517200438e-15
EID_20937,2.3808896753137565e-14
EID_7827,2.1701571630330236e-17
EID_7457,9.56453271512743e-16
EID_11152,2.8894732920679992e-11
EID_12917,9.988219577276524e-13
EID_18590,9.776588036966803e-16
EID_15327,5.971411516691612e-10
EID_11687,6.1518062028779246e-12
EID_5179,2.6923734160475992e-18
EID_5623,1.2910264243358921e-18
EID_25331,1.3447505303889607e-13
EID_24386,3.6035069777259086e-17
EID_6507,1.1770460530238047e-14
EID_7842,3.4623672078965544e-18
EID_12018,1.2416393732996922e-13
EID_6640,2.230250331779469e-15
EID_9872,1.6655731622467617e-13
EID_2331,1.4282151596991606e-20
EID_19685,7.411845291321602e-16
EID_25701,6.604068386564061e-17
EID_25681,7.065949477461242e-13
EID_20151,4.837453809760326e-11
EID_8980,2.07654945750384e-14
EID_12719,8.587729295198754e-15
EID_20075,3.6088350476931254e-16
EID_14984,4.050688843219436e-10
EID_8177,5.554994248457427e-18
EID_1360,2.215219819873855e-19
EID_24812,2.1869480458338477e-12
EID_8480,2.817358143250756e-16
EID_14567,1.7721713262039578e-08
EID_16194,1.2716511850689202e-12
EID_10020,1.27134164216274e-17
EID_7321,3.5932087632658495e-14
EID_15387,1.3412399443799857e-12
EID_19419,5.176079754765645e-14
EID_20496,2.2144090175070176e-09
EID_1308,2.1585981940829962e-16
EID_14770,9.027576914305676e-10
EID_21893,2.329318787896897e-12
EID_10990,2.2645577548356326e-14
EID_17521,1.5839923854984334e-07
EID_15274,1.3026464854571428e-14
EID_24001,2.2312882942298597e-11
EID_4111,1.8562752757512254e-17
EID_4284,1.7970947002679837e-15
EID_19682,2.4530751379735916e-15
EID_14871,9.69533068335094e-10
EID_18152,3.6312708638675103e-13
EID_12520,2.6398280508775637e-11
EID_4739,4.935233062249958e-19
EID_8424,2.1993734072008696e-11
EID_23600,1.2477176009369445e-13
EID_25891,3.925143670565732e-14
EID_11618,2.975937606019282e-09
EID_12674,1.2608137431176692e-11
EID_5999,9.705575694526656e-18
EID_18063,2.769975711942009e-07
EID_14859,1.2226144965739754e-12
EID_20353,1.2533974723104984e-13
EID_22962,4.616339660823182e-16
EID_19650,1.067257695633777e-08
EID_6108,8.912087833946198e-13
EID_19012,5.505417238235033e-11
EID_22925,1.5006779489489964e-12
EID_15619,1.4872409601524668e-15
EID_19998,4.2092594127238046e-18
EID_20052,3.684964160865104e-15
EID_25044,1.2895950349044549e-13
EID_5422,2.809371682046079e-16
EID_15354,2.4038248672960266e-14
EID_3804,3.5628486204618034e-17
EID_23277,1.362919294895264e-15
EID_12336,5.951804698403651e-10
EID_24839,5.3682709577846576e-12
EID_1651,3.532420959727369e-19
EID_24355,5.111532408292348e-10
EID_24276,3.0688868683256714e-20
EID_10346,2.1547229695510465e-10
EID_9579,1.6399171255593454e-16
EID_23242,3.645152547502267e-12
EID_23541,9.955609903993326e-16
EID_14741,1.0322921402740052e-07
EID_7783,1.4409328661455741e-16
EID_12569,3.871257787927916e-14
EID_3834,1.228021531758681e-16
EID_6799,5.085533095497618e-18
EID_15609,1.7339295850247722e-11
EID_5496,3.303011245516326e-17
EID_5080,2.815747194725835e-20
EID_14834,5.999655157503531e-15
EID_18266,9.423238631095239e-11
EID_1182,5.769283996418539e-15
EID_6445,4.787158208328407e-16
EID_18656,2.5980482545665713e-07
EID_24011,5.674811710230723e-14
EID_25093,5.630050487646558e-10
EID_11334,6.939048197420898e-09
EID_15785,1.0488189563318765e-09
EID_8060,6.738292995335934e-17
EID_4349,8.788772558402187e-21
EID_22525,4.0088425351688073e-11
EID_1231,5.567033495698425e-20
EID_2127,1.4128034823105048e-17
EID_4047,1.535984209984272e-18
EID_12989,1.3064450614586908e-12
EID_17726,6.080369833203366e-15
EID_1602,5.503484676801387e-19
EID_5945,9.723158036178396e-18
EID_15166,6.727772775028166e-11
EID_25317,7.082237796305699e-10
EID_18848,2.3840874651709818e-08
EID_14455,3.092644463298222e-09
EID_9724,5.89327280540836e-19
EID_22697,1.121786900770786e-08
EID_16505,2.0745584466192453e-11
EID_11616,1.764630188244743e-14
EID_10352,3.9492990605781273e-16
EID_24093,1.991703583542034e-15
EID_11826,3.73221971500532e-11
EID_24211,6.4196917282820626e-15
EID_14709,3.0904422191854454e-13
EID_18747,1.3306084174769206e-10
EID_16077,2.256579013273807e-08
EID_15440,8.131634070634997e-10
EID_4935,5.961424229743705e-22
EID_13791,2.105763233367311e-10
EID_16876,4.857055979661741e-11
EID_1335,2.35362723008442e-18
EID_19086,6.058055279164302e-14
EID_12872,7.412342536640339e-11
EID_11623,7.285610345980202e-11
EID_7807,7.653447122147365e-14
EID_9605,2.9669742438126166e-12
EID_12736,1.4842450573308052e-12
EID_20565,1.1556508421862833e-11
EID_17225,1.2411530352078558e-12
EID_19974,3.5003587877052267e-14
EID_16045,5.142427378656215e-12
EID_2082,8.002880830103748e-19
EID_22219,9.735647728841676e-13
EID_19439,8.089658485437205e-12
EID_2979,5.020810097382761e-18
EID_24414,1.0248655742160469e-14
EID_15148,9.82567042646799e-14
EID_10690,4.414404214536235e-17
EID_16346,7.841648636173535e-13
EID_22752,3.050455388114198e-11
EID_21746,1.4030596278377153e-10
EID_1705,2.404772446322777e-16
EID_7498,5.19831288614142e-18
EID_6874,1.8834833185418226e-17
EID_4543,5.380951063652779e-19
EID_8931,4.121878086950936e-16
EID_16435,3.386919982242975e-13
EID_16767,8.822096517089556e-12
EID_3058,3.779107786632728e-16
EID_16381,1.5087114037967781e-09
EID_17190,1.0269023329778072e-07
EID_7079,3.4762547673303906e-14
EID_10191,6.146562717777469e-14
EID_1378,1.761309903379954e-20
EID_20222,4.875377140737397e-11
EID_6156,5.310836796034066e-13
EID_5975,1.5958355845550735e-16
EID_18682,1.1092893813739135e-11
EID_8837,1.4580824879564406e-17
EID_24686,5.25156661777451e-12
EID_9869,6.392793831932414e-17
EID_14673,1.2503142010344866e-12
EID_14443,3.362976492672305e-10
EID_21591,2.729524306069563e-16
EID_25240,2.114735731231942e-11
EID_18365,1.6974547755565038e-15
EID_9260,2.575644219893325e-15
EID_10696,5.3533669592732146e-12
EID_18012,6.174709322581096e-08
EID_17421,8.689472749112426e-13
EID_23615,3.7755839958609817e-22
EID_14132,3.6796034523564626e-10
EID_13168,2.184561498936154e-11
EID_16973,8.263044200423999e-11
EID_13426,6.349246377394608e-17
EID_1493,1.71873138219271e-15
EID_3994,2.1256058205747833e-17
EID_10574,7.719815053782019e-10
EID_12394,4.6872322085110124e-17
EID_4781,3.480036866171297e-18
EID_24911,3.198075183315294e-13
EID_3205,5.475229468860765e-16
EID_25568,1.6966463804426776e-08
EID_4343,3.795227916496353e-14
EID_4330,3.4679564306487827e-17
EID_12518,7.379766017721586e-11
EID_18426,5.7008024078642485e-15
EID_3862,1.9336809358071402e-16
EID_13478,8.788766160545052e-14
EID_5607,1.1364820340449738e-21
EID_22353,3.648934411291184e-12
EID_18346,1.347532039905767e-08
EID_5978,3.120042941569259e-18
EID_3391,2.3018990244958584e-16
EID_8525,2.1534553472704087e-10
EID_5245,1.781639148246424e-16
EID_11791,1.271978734062382e-11
EID_22913,7.186633782134711e-11
EID_15587,7.390391694179306e-12
EID_4851,1.8624429061623975e-19
EID_3432,9.20404681785062e-20
EID_13090,1.805835217326197e-09
EID_15117,1.4009198810524527e-12
EID_22004,2.9515965875324743e-07
EID_16053,7.681448763463736e-14
EID_16458,6.698998408603067e-11
EID_8021,2.8056370734530354e-13
EID_24385,3.76741652837023e-07
EID_7053,4.1790548634914605e-13
EID_13544,8.513631507038301e-14
EID_9014,3.855592850027287e-14
EID_9246,2.070685673010811e-15
EID_15642,2.8186242762452434e-15
EID_12295,6.978435354765618e-09
EID_7925,2.6605530403705568e-12
EID_18473,3.475005210170724e-11
EID_19427,1.4286638783938486e-13
EID_17027,1.4846084186391394e-07
EID_22093,4.1241187792727115e-13
EID_25611,6.154498323703357e-13
EID_20490,4.286292801830664e-09
EID_4204,2.7765095632976184e-19
EID_2604,3.618676398890292e-14
EID_16152,4.6977924599719604e-15
EID_8563,1.6353070912360456e-17
EID_18620,5.214732027553426e-11
EID_11012,5.883550423676767e-12
EID_19598,7.381245192792427e-17
EID_13159,3.2523269390386346e-10
EID_13171,5.317311406469456e-15
EID_8374,7.853168367234407e-13
EID_9838,8.463844967544842e-12
EID_18489,5.116380100393822e-09
EID_17451,4.6493602978054625e-15
EID_7269,8.506797937418927e-16
EID_20548,6.307408584607564e-07
EID_9466,3.770573074205899e-16
EID_16085,6.066136717411686e-13
EID_24082,4.885111174546395e-20
EID_5078,4.879694892867836e-12
EID_23951,6.171609803140885e-13
EID_8327,1.2086894064061718e-12
EID_5904,8.016031903081775e-14
EID_11085,1.3822584797079174e-12
EID_21437,4.192652286883897e-09
EID_7471,9.343408615049478e-18
EID_12046,2.1665778031355353e-15
EID_18653,5.6811314376530414e-12
EID_14175,6.48666720032772e-12
EID_5514,1.4053011671407116e-19
EID_20148,4.3586896905519355e-09
EID_14260,2.4572973560475618e-14
EID_15574,5.420717905449455e-10
EID_7287,2.142374791695139e-18
EID_18889,4.697742852517761e-12
EID_13106,5.86116195811936e-11
EID_15448,8.134325372000265e-12
EID_25897,5.758991336589166e-16
EID_23758,6.654251470459687e-12
EID_23208,3.5777630389460417e-13
EID_13646,2.4402305682127322e-08
EID_5467,5.356928309525005e-16
EID_6022,4.329565053412995e-16
EID_10923,1.5266137030584993e-13
EID_10408,6.16717585836953e-16
EID_4186,3.3836388367703184e-19
EID_22022,8.197219931838599e-11
EID_16390,1.2658738448398734e-15
EID_19493,8.699865205474988e-13
EID_12519,3.0845442707754956e-16
EID_23549,2.033066637981563e-14
EID_17612,2.8778766296123714e-13
EID_25007,9.698218539915353e-11
EID_1949,3.921750976958607e-18
EID_23313,4.818597248294583e-09
EID_22516,9.864696908433541e-13
EID_21836,5.083100981790132e-12
EID_7268,4.750852571716879e-15
EID_8202,3.106345457506794e-17
EID_6613,4.6788808362377913e-17
EID_2596,4.552650461311386e-19
EID_19849,5.0670263770506883e-11
EID_11546,2.719170548314302e-16
EID_3942,1.1244615979060576e-16
EID_7899,6.278569584026852e-14
EID_4802,1.7322660619512398e-14
EID_6725,4.56460682903599e-17
EID_3835,1.368412583289268e-16
EID_9511,1.893851453278395e-12
EID_5757,3.496036697187669e-18
EID_24838,1.1035517697832326e-18
EID_15225,1.9108809331145332e-13
EID_8238,8.024861971763069e-21
EID_2826,6.664788691656109e-19
EID_20774,9.516058288293288e-09
EID_19311,6.459614112987738e-07
EID_12339,9.727756080217577e-16
EID_1583,8.846162609632081e-20
EID_1033,2.2758056193590726e-12
EID_10764,3.504543942897498e-12
EID_17203,6.706932000290737e-13
EID_1345,3.7172791918130996e-14
EID_4951,5.763603238818831e-15
EID_16956,5.54981483853708e-07
EID_9203,4.350095089422721e-16
EID_7021,3.0944704155131287e-15
EID_8707,1.4496586639852691e-18
EID_5209,3.410832036704719e-19
EID_20428,1.852434445256512e-14
EID_10913,5.667989310456769e-16
EID_11507,1.1261654322483597e-10
EID_3693,3.006244134861633e-15
EID_22857,4.254730838331095e-14
EID_18744,1.83494528647116e-14
EID_19600,2.615625156401675e-10
EID_21336,1.0864930489322698e-14
EID_17676,1.1669583195888832e-08
EID_1678,1.6677171235338428e-15
EID_4889,1.1025001096694433e-14
EID_9961,3.8386403353269e-17
EID_23386,2.835678951244059e-15
EID_19835,9.179398054275054e-09
EID_9519,1.4752738055741777e-17
EID_5449,7.874843279397409e-15
EID_20640,1.9487938355523647e-13
EID_16387,7.466088010047468e-11
EID_20293,1.970159350131796e-09
EID_2296,7.4844654364036915e-19
EID_11827,7.108623056454059e-13
EID_21522,1.3623639590467131e-12
EID_2767,2.5617353253946156e-15
EID_2873,7.15719636516945e-19
EID_2603,6.371492780157101e-16
EID_2674,7.430341656332281e-16
EID_23682,1.7336939840807713e-21
EID_13310,1.4510228727558113e-13
EID_6523,8.511191073467023e-14
EID_13056,2.6010902086143857e-15
EID_7244,2.1694602391380979e-10
EID_1072,2.439856686726368e-16
EID_25833,6.4759761953371575e-09
EID_11244,1.2951402807959041e-10
EID_22918,2.0811925641109988e-11
EID_16735,4.478162527060079e-15
EID_4201,4.534083938788027e-18
EID_5998,1.7744779105902928e-21
EID_19254,5.526552096391839e-12
EID_16653,2.012027590806662e-14
EID_11729,2.4751812026604967e-16
EID_19573,8.479432986247032e-11
EID_21463,5.096193455933294e-18
EID_5899,3.490623338658818e-22
EID_23613,7.01270678454842e-18
EID_8609,1.1950434880444734e-21
EID_2660,3.686352445964911e-21
EID_1333,7.047843140395809e-18
EID_3212,1.5141328067245827e-20
EID_7830,1.7443870383606322e-14
EID_4372,1.626163472687507e-14
EID_15955,4.620753514170393e-13
EID_22059,1.0214048232515428e-15
EID_22804,2.1107791418631772e-13
EID_4700,2.510705042409374e-15
EID_14401,4.303438896041848e-14
EID_19971,5.364259334919177e-15
EID_10684,2.3221917926874363e-12
EID_21512,2.1165268439297802e-19
EID_16722,4.728357950711655e-08
EID_16012,2.1897703460107665e-09
EID_19093,7.059955737070886e-08
EID_25636,2.59878674008814e-13
EID_10567,8.816097518856767e-17
EID_11601,1.0689966043618265e-14
EID_25697,4.069633160693615e-15
EID_22131,7.691396028620117e-10
EID_8511,1.4850401212352369e-13
EID_18114,4.991322072214462e-13
EID_12784,8.354494576272723e-17
EID_12820,8.496425873420488e-16
EID_4512,2.7447172872502147e-13
EID_5837,1.897551079220489e-13
EID_12564,7.206138652782195e-15
EID_16737,2.4383917607189766e-09
EID_25986,3.895477165021513e-13
EID_8729,3.09880312335231e-16
EID_4386,1.3423447923448415e-15
EID_5223,2.1482234009495283e-16
EID_1494,1.851031430468322e-18
EID_22699,1.2776996392972914e-10
EID_1083,3.438685672936358e-15
EID_1329,1.5301517292730589e-15
EID_3550,7.459112500468318e-19
EID_18845,3.586062676060097e-14
EID_17946,1.0791473705346933e-15
EID_1712,1.9857690307870656e-15
EID_12024,1.5762231992011157e-16
EID_2974,1.8734013215253385e-15
EID_12806,2.8143989426469216e-14
EID_10396,2.1326084062097896e-15
EID_3998,2.493554136770339e-13
EID_22451,6.327019048778727e-21
EID_12242,1.6639295360921148e-11
EID_18599,2.819980849304227e-16
EID_9423,9.358954220629355e-11
EID_25347,8.163004093973236e-11
EID_20183,1.0447272224127705e-15
EID_18079,5.348299402816419e-13
EID_10059,8.350709988290021e-11
EID_1322,1.0478460237513883e-16
EID_18109,2.7941929945095104e-15
EID_7325,7.132827869037394e-14
EID_6000,1.7450855839357466e-19
EID_10760,1.1353798109241534e-13
EID_24380,6.158811392323708e-11
EID_7070,1.2392205401846463e-13
EID_2796,1.0821676562544407e-14
EID_18860,1.6888760936665048e-09
EID_13597,4.613511796742687e-15
EID_6858,1.7522803004163858e-14
EID_14987,8.46584272733856e-14
EID_8902,1.0306669478728709e-17
EID_9453,3.465785727429337e-10
EID_20605,6.06809854343173e-11
EID_16020,3.879849599364445e-10
EID_6335,1.819775567161897e-17
EID_1317,1.1285828650338017e-20
EID_5575,7.212959170971327e-17
EID_17433,2.1688032539606253e-07
EID_6238,2.758982156314014e-15
EID_10734,5.548227768191927e-13
EID_7661,9.833996724240068e-15
EID_9281,5.085736962479008e-18
EID_19259,2.3708151834293845e-15
EID_9544,2.6272743686166602e-12
EID_2572,2.101066098499892e-17
EID_12706,8.228817847848084e-14
EID_20500,9.142943566558548e-11
EID_19258,6.352712208628895e-14
EID_15915,2.1014796830258544e-13
EID_25265,7.298775701057079e-14
EID_16567,5.299901731911629e-13
EID_19553,1.6369401962579228e-12
EID_25403,1.1310654492092155e-10
EID_10354,2.6768135230712293e-17
EID_19522,1.4941750816689864e-12
EID_20132,7.166140281681164e-13
EID_3363,6.577991406459791e-18
EID_15253,1.7374383084645194e-14
EID_8368,2.5446736265246698e-19
EID_3883,5.491255275866622e-18
EID_7323,2.3354870458645757e-16
EID_16203,5.823741606738792e-14
EID_9080,8.352067662082274e-14
EID_12266,6.771958239049557e-12
EID_13777,2.27401687067015e-09
EID_24876,4.359358592157446e-09
EID_11961,8.742270714271605e-18
EID_25871,3.847773827627699e-14
EID_3563,1.811566583429e-16
EID_3377,1.4034331867824028e-11
EID_19924,8.942823657824266e-14
EID_4070,2.881506856515737e-15
EID_7727,2.7839438087688198e-15
EID_2253,6.329995655106549e-21
EID_5056,3.8825774100189076e-16
EID_16751,3.6906308981784305e-14
EID_2105,2.4814047823387554e-19
EID_14078,5.533919613236689e-16
EID_18779,6.39433214604143e-14
EID_2218,2.075809499054533e-20
EID_6130,7.761388232883953e-18
EID_21722,6.804940976531542e-09
EID_17748,6.163896247818243e-15
EID_21322,9.86662779112993e-18
EID_6016,1.856498457393634e-20
EID_20480,1.642389441209441e-10
EID_18843,3.878208740020157e-09
EID_7336,7.230778069918002e-16
EID_4455,4.533896006868839e-16
EID_15206,7.142653213973347e-09
EID_15582,1.1290257480093686e-07
EID_22381,3.3299525705508887e-15
EID_22606,2.309564538482082e-15
EID_12159,1.0932980413167732e-16
EID_10027,1.8252345760879656e-12
EID_4107,3.106069338075582e-15
EID_18932,1.510524371518923e-10
EID_1321,3.1160062114850456e-18
EID_7759,4.462978251512906e-13
EID_21961,1.1175562198606581e-08
EID_15289,2.0805828433113928e-14
EID_23069,4.112103733850022e-12
EID_17187,1.237284491610739e-09
EID_25372,3.811362110499626e-15
EID_9787,2.69122996221676e-18
EID_9797,2.1235286607940128e-18
EID_10831,2.73886357334875e-15
EID_24620,4.841673270471211e-19
EID_8715,2.803474727860917e-13
EID_13459,3.9429710512641705e-14
EID_14031,3.2074028958684675e-13
EID_14541,1.057985207949884e-08
EID_12395,7.772721149250825e-12
EID_7150,3.973778406466658e-20
EID_14422,4.173403375740831e-11
EID_19060,8.043258346664826e-13
EID_9338,2.8961162199069313e-12
EID_21042,7.055764991405839e-13
EID_8011,7.119374975497462e-13
EID_8102,8.651680894570449e-18
EID_11068,1.18823976236474e-14
EID_15461,3.089803131562968e-10
EID_18509,5.39163665578561e-12
EID_5796,4.164797678317958e-15
EID_19905,6.453391809987365e-13
EID_21609,3.223615994915082e-11
EID_14873,3.4715295243246966e-07
EID_8033,2.147969352366144e-16
EID_21354,2.377798506309602e-15
EID_16377,1.0871685717156582e-15
EID_10566,3.0245950475013683e-15
EID_4791,8.109079199313669e-14
EID_20944,6.6532283461706646e-15
EID_24913,2.1674846586300802e-08
EID_3868,7.023530892413193e-16
EID_10611,1.3258570802636033e-17
EID_21702,3.2226989834007395e-10
EID_9472,1.443105935632013e-13
EID_10746,8.914157125725867e-12
EID_17717,5.395664299361824e-15
EID_18535,8.540886003570708e-13
EID_23706,2.3072887975531228e-08
EID_7039,2.3856477280996302e-11
EID_23797,2.870401227788261e-13
EID_1574,4.448397586110964e-15
EID_5931,2.693343828236402e-18
EID_6468,1.4098790067202344e-16
EID_15805,9.062924954511522e-16
EID_2988,3.2344984637349134e-14
EID_21966,9.747787396687629e-09
EID_16571,1.4972288758589252e-11
EID_10082,5.415960941217054e-16
EID_8359,3.1264831262859502e-18
EID_3200,9.286338454923095e-16
EID_2206,2.597576622028437e-16
EID_14234,1.0096732025254569e-11
EID_12498,2.0362028355111584e-10
EID_12009,6.2525256439474695e-12
EID_12486,4.151083787357698e-10
EID_2679,1.9049626755549482e-19
EID_25329,9.70482575824242e-15
EID_18268,7.3663746485133e-12
EID_18253,6.464221543762386e-07
EID_11915,1.7387441483647064e-12
EID_2503,7.103572690727152e-14
EID_22110,5.35667699972597e-07
EID_9344,1.6836457089858322e-17
EID_17568,1.6923846470324358e-07
EID_1445,1.9310184791127084e-15
EID_12971,4.6735517917114935e-09
EID_14129,2.662312432325638e-09
EID_22888,1.643276540943573e-13
EID_17510,2.436365161389231e-09
EID_11722,5.844124480932333e-18
EID_18542,1.751885066374756e-08
EID_13158,1.9020753368957968e-13
EID_2810,3.767667837095178e-19
EID_16559,4.132177925699625e-15
EID_1124,9.87780114211601e-19
EID_2137,6.787244699157759e-13
EID_13145,7.537952229529467e-12
EID_14181,1.2754780815049655e-11
EID_24695,8.256158085406576e-14
EID_21367,2.512798824332578e-12
EID_13213,9.148039590002314e-11
EID_15852,1.1483907728481757e-09
EID_9531,4.376163586523199e-18
EID_6197,7.663330421850253e-15
EID_20012,5.912919993526648e-20
EID_10381,4.991563070464466e-16
EID_9136,8.67555255929986e-12
EID_12063,3.6039008299008853e-09
EID_22318,1.1253090861294623e-19
EID_24047,1.1501932698271173e-14
EID_5834,6.069311420395755e-18
EID_4763,3.2564317618986332e-15
EID_24096,8.053420860944962e-14
EID_13825,5.8204315385822145e-15
EID_14326,1.4200477746046903e-11
EID_10111,1.4210935797132443e-10
EID_23362,3.41349481758898e-14
EID_8682,1.2023654215030673e-15
EID_18727,2.2972309382189407e-09
EID_20725,1.8613199005843821e-09
EID_15976,1.640012838889357e-07
EID_17626,5.614787104660288e-13
EID_13302,7.116022272714661e-08
EID_11333,7.249735439927845e-15
EID_12305,4.177348797285101e-14
EID_4987,6.706886664876737e-17
EID_12132,7.3713202405458134e-09
EID_14163,1.0791260877676151e-08
EID_15666,1.341110666112901e-15
EID_19257,9.94656272949534e-10
EID_1591,6.938434332296568e-20
EID_5610,2.9592266197148015e-16
EID_4835,5.724201137164861e-20
EID_5060,6.046904271621169e-14
EID_15897,6.840555180744071e-12
EID_9771,3.452148496537272e-15
EID_11486,4.622910580692895e-16
EID_14583,1.1980546883960385e-13
EID_17832,1.9981740363214266e-08
EID_6876,1.3092898053539822e-19
EID_18560,1.684307820626276e-11
EID_1091,7.827312998634967e-17
EID_3837,2.6695538426504988e-20
EID_8508,1.5697959379417668e-15
EID_23640,1.435376138709424e-16
EID_13280,1.2758346834251095e-11
EID_3352,1.984851384074229e-13
EID_13404,5.2604675846463045e-08
EID_23565,2.3902784849941413e-15
EID_24526,3.8966725303949265e-17
EID_9254,7.533078837699346e-18
EID_8916,2.7986883829099826e-13
EID_15227,3.3630072032222854e-10
EID_11672,1.0096411350734269e-12
EID_8926,3.4361440481050707e-11
EID_25125,5.084783207682454e-17
EID_3170,1.8798569428445223e-18
EID_24612,1.2641775661975486e-12
EID_23932,3.163833066277826e-17
EID_11554,4.403650921240999e-16
EID_19854,7.349717778164385e-14
EID_16362,1.8564606113418894e-08
EID_13195,8.668375832840507e-10
EID_25559,3.350585617593705e-14
EID_18526,1.7580107693218082e-15
EID_23226,8.15049265315726e-17
EID_5873,9.753291857738615e-15
EID_11286,1.1496071775620266e-09
EID_7573,8.436520264652228e-18
EID_11669,2.1213410180904404e-11
EID_12639,2.477220644001716e-11
EID_12309,9.370564533983466e-15
EID_17566,1.5597994864224623e-12
EID_3644,5.3096281737349496e-14
EID_9921,2.758790893055075e-12
EID_14703,8.184710788136445e-12
EID_19366,1.285291595312543e-09
EID_12449,1.0729391729813426e-15
EID_24591,4.629588898249858e-13
EID_4698,1.47405717832911e-16
EID_17657,2.2540048562730915e-11
EID_24446,2.732000592050635e-16
EID_18528,1.2622675856996158e-10
EID_8868,2.689778269615554e-18
EID_5820,1.483709276888986e-20
EID_24215,5.774523311728715e-16
EID_19176,4.8883854421614116e-15
EID_6578,2.240558808146124e-15
EID_9672,2.706861691222656e-19
EID_10702,2.261737586489921e-15
EID_4741,2.2544474253676193e-19
EID_24067,5.847147992882912e-10
EID_2416,6.2133061725882725e-21
EID_12089,4.2037273440810177e-17
EID_8392,4.909431062742077e-19
EID_16766,2.6922493343223767e-13
EID_23137,1.4584792075342202e-16
EID_24704,7.419289819218078e-11
EID_13184,2.2331402809400187e-13
EID_21642,1.7145147699609767e-15
EID_8050,6.727801506453238e-17
EID_20432,1.778090226046317e-11
EID_14456,2.760554492563362e-14
EID_7769,3.03719209795747e-11
EID_14077,9.549530498180032e-11
EID_17805,6.299443068247653e-08
EID_14927,8.029410256641152e-15
EID_7995,5.131983702724723e-13
EID_2297,5.205815358871569e-14
EID_7960,6.318567499036606e-13
EID_9481,1.7862872873957786e-18
EID_2781,5.036414542243446e-17
EID_25571,2.489823078638193e-13
EID_12462,4.1667863953857607e-16
EID_17761,9.494455453581531e-14
EID_22310,1.6402933908573569e-12
EID_15161,5.789103707971074e-14
EID_3361,1.1316752058546912e-13
EID_2166,2.5066239199267876e-15
EID_1515,2.2335659311171295e-21
EID_13787,1.2543511016019708e-12
EID_23496,4.3953293368756635e-08
EID_7820,1.621024697219928e-15
EID_14433,9.327013875611666e-16
EID_9405,3.0571012823008344e-15
EID_4195,2.598058677368228e-18
EID_24190,7.895813856169672e-20
EID_20400,4.3501188985255664e-17
EID_16111,9.815721023344548e-15
EID_5502,3.359311784867876e-14
EID_17381,3.9331787801588655e-15
EID_22435,9.658907825379732e-10
EID_3060,2.5480605132709705e-17
EID_19197,3.0931547811932413e-12
EID_13311,2.020918158652133e-13
EID_14282,2.0533761132981876e-10
EID_5849,1.7603469602717676e-12
EID_19845,2.0469289358015903e-14
EID_6965,2.2490525945096355e-18
EID_5048,1.184405331427334e-18
EID_13766,2.047927200608109e-09
EID_22269,7.661854980377692e-09
EID_4363,1.0821151285686217e-16
EID_12215,2.6949406892529248e-14
EID_14479,4.740764584011757e-09
EID_7348,1.7294995581882873e-15
EID_25664,4.1933196790214337e-07
EID_4940,1.1861935753408211e-18
EID_6877,3.697833076273483e-18
EID_8337,1.5401851075215605e-16
EID_1775,6.01917004506805e-15
EID_13938,7.260065671648481e-14
EID_12735,9.381481029526997e-09
EID_16138,5.4872121833433945e-08
EID_18586,1.7187296793037706e-08
EID_16650,1.2487939351374539e-09
EID_18259,4.0661011766984685e-07
EID_19144,1.667050894068408e-10
EID_4483,2.342700596182499e-21
EID_10929,7.647089774630675e-14
EID_19882,1.1123409440621152e-13
EID_3779,7.365973808190025e-16
EID_18678,1.7864662879214557e-10
EID_7168,7.349892994161535e-17
EID_23279,1.5704075282012998e-21
EID_17008,1.3580565886963904e-11
EID_2795,2.0636475397406393e-19
EID_1833,6.830188729297368e-21
EID_21026,2.7533876544147153e-18
EID_20322,8.522509753055256e-13
EID_10026,4.11080315318226e-17
EID_7742,4.560632985576652e-16
EID_21792,2.8752367446316627e-17
EID_14341,8.957119816822044e-16
EID_24634,2.391648287589533e-09
EID_3379,1.6122511940878117e-16
EID_20627,4.891433253663461e-13
EID_8572,2.394193587056336e-17
EID_15104,2.3837677007517342e-08
EID_12426,1.0768579193643344e-15
EID_17588,1.0029951341116077e-14
EID_20961,3.6422652714385584e-17
EID_23260,1.3250246176496825e-20
EID_7213,2.6692193443436067e-15
EID_11851,2.971310684116039e-15
EID_5696,7.460966949946574e-16
EID_23011,9.836850381790597e-11
EID_2035,1.2045756186720189e-20
EID_22461,4.599990508679557e-13
EID_23215,2.652033328547254e-11
EID_6913,7.484720773039291e-12
EID_5739,1.5850725006877572e-18
EID_19814,8.270789274280335e-18
EID_20320,2.3167593194518184e-13
EID_2043,8.94704713553372e-15
EID_21992,1.4128004890617714e-13
EID_9324,8.207488336210094e-12
EID_3863,4.2178870023515567e-16
EID_7513,3.8502596061844685e-13
EID_11120,1.5164084679300623e-14
EID_6548,2.721643557266882e-16
EID_23957,3.67339416884774e-09
EID_11408,9.127360498731043e-12
EID_24638,7.29415298915322e-18
EID_3908,2.2440318491121383e-12
EID_17023,6.293305884274501e-08
EID_10902,1.0627817442808526e-14
EID_3543,8.60299012346201e-18
EID_3633,7.672303217871088e-16
EID_3394,3.711314267768723e-15
EID_8619,5.748169019173718e-16
EID_13424,3.9955647857820153e-10
EID_15405,1.9764097101815366e-12
EID_21727,2.7471767793076925e-10
EID_18916,2.4167113642710363e-10
EID_3335,4.1519047358845106e-17
EID_2811,2.2957591666017436e-15
EID_8620,1.3380040861499186e-16
EID_3249,5.930773433275193e-18
EID_22140,1.497002687563382e-15
EID_18934,6.449746913216131e-08
EID_24271,5.483994787384387e-13
EID_2164,3.653964056054768e-15
EID_22961,1.248315792140944e-08
EID_25318,7.362079223593715e-14
EID_23064,2.0961023895056722e-09
EID_1056,4.93505158597209e-19
EID_4389,3.0437419340643235e-15
EID_6949,2.632257705867178e-18
EID_16133,1.6089315879381973e-09
EID_8023,7.167026019894918e-21
EID_19426,7.335918736464444e-17
EID_12895,3.073239046303149e-17
EID_17667,9.506789710602676e-12
EID_14826,3.88006346542161e-17
EID_8807,3.7876640714207196e-16
EID_13977,1.6760075934848192e-09
EID_11167,1.0332569728762957e-16
EID_22535,2.9075925211325534e-10
EID_5357,1.8073080935741848e-14
EID_1450,9.501968204599367e-18
EID_24647,5.309022879561959e-10
EID_1516,1.222044061660096e-12
EID_10122,3.4254136565948207e-11
EID_2423,3.861986047126027e-19
EID_4276,6.622652578834396e-18
EID_10610,2.133422914283095e-13
EID_5840,1.970025330947402e-16
EID_19117,7.368966305533371e-15
EID_1753,3.4483250704058783e-18
EID_11679,1.1812262911213442e-13
EID_12425,5.154749683723679e-16
EID_21118,5.408233029587327e-13
EID_1348,3.743254681850623e-16
EID_3143,3.1024283083272424e-14
EID_12153,1.871305004590572e-13
EID_22834,7.353390905277004e-17
EID_14978,5.841354195782714e-12
EID_23361,9.185408098989892e-15
EID_5207,5.606953439478752e-20
EID_8395,1.1937168184115848e-15
EID_2440,1.0573875918400947e-20
EID_14196,6.5737779397733016e-15
EID_16684,8.402974056612732e-09
EID_22520,3.833119751283438e-12
EID_14689,1.678595063808694e-11
EID_22890,1.710512276439307e-17
EID_18695,5.262781404335208e-08
EID_1275,1.469342852882486e-18
EID_6033,7.429939161862044e-19
EID_25616,1.8058310896866316e-10
EID_6190,1.3940088861023621e-14
EID_2964,4.917544175808127e-15
EID_24869,7.436686093306379e-18
EID_3319,4.471110991710358e-19
EID_15857,8.177264348268642e-10
EID_4615,3.408325771180523e-13
EID_23926,4.949073230207044e-09
EID_15506,1.312767454991138e-08
EID_4168,9.023287219078473e-17
EID_23593,5.380852304715951e-19
EID_3108,1.2615765003409745e-18
EID_22846,7.86461660429225e-18
EID_12618,2.3023382050641102e-08
EID_20341,2.6889562938329064e-09
EID_15441,1.5621638880285175e-15
EID_20278,6.8552949885587436e-09
EID_19511,4.636365054742809e-16
EID_7832,1.009876620031261e-13
EID_7775,2.1385882199648257e-15
EID_9409,2.8135366571359055e-19
EID_11483,2.943496861547818e-17
EID_6657,3.036672798008837e-16
EID_10338,1.341159130660765e-18
EID_7683,4.4753200319582174e-12
EID_11854,4.7900532123071403e-14
EID_17102,4.327522534337027e-15
EID_9882,1.1944810354280812e-11
EID_19326,5.363717560227587e-16
EID_1670,3.5277068912058603e-16
EID_17455,7.714713630399074e-12
EID_24867,5.535086532287395e-16
EID_22972,6.3330507078634115e-12
EID_4679,2.501434765103107e-19
EID_7172,3.091059885237554e-12
EID_7401,7.871508091835257e-18
EID_13199,3.049882290896441e-13
EID_12244,7.797276809169071e-13
EID_12771,1.8696942457973845e-14
EID_7230,2.9677149646237364e-15
EID_19736,8.735222141046558e-12
EID_2755,1.0657455931917584e-19
EID_19126,2.410755762751981e-06
EID_20949,1.7560841318206716e-15
EID_4573,3.098661614897329e-19
EID_23671,9.933962041028452e-18
EID_11580,6.251435791885482e-12
EID_15600,1.276380948371482e-10
EID_17577,1.018647529952662e-12
EID_6773,6.432269383325219e-14
EID_9565,4.404947983296419e-12
EID_13401,7.890881695735624e-08
EID_17438,3.3269308542917777e-15
EID_7604,8.983469148669353e-14
EID_1215,6.236483672851347e-17
EID_24765,8.51253849225138e-09
EID_2084,2.0196812011087585e-18
EID_17898,2.031854160882509e-07
EID_9752,7.099823553495594e-13
EID_19867,2.3562860502138024e-15
EID_5430,1.615115417379936e-12
EID_22617,1.6392321402965626e-18
EID_23590,3.1266522109468353e-18
EID_11131,2.1760973139649694e-14
EID_1623,7.179603444449443e-19
EID_25390,2.072626147658116e-14
EID_23316,3.1614269272578105e-08
EID_11595,8.590223238865776e-13
EID_10827,6.316474055060588e-18
EID_14787,2.922707323551382e-11
EID_18290,4.637496420431175e-13
EID_17889,9.304331340311106e-08
EID_7936,1.7662710113995975e-14
EID_12044,2.0306663993807623e-17
EID_8205,3.007888066803129e-15
EID_22950,2.1279396315799345e-07
EID_4965,6.913960974431493e-16
EID_24073,2.4816234189550466e-16
EID_4946,1.4037562785434944e-19
EID_14618,1.626504314709446e-16
EID_17692,2.703381471815678e-07
EID_23220,4.527099291599994e-07
EID_24364,9.236878033987846e-12
EID_20216,4.820572543838196e-13
EID_24865,3.808981304418631e-09
EID_11009,1.2290541363954032e-11
EID_6889,8.743023650210046e-13
EID_10375,3.065951875231303e-18
EID_11917,4.793215375832794e-11
EID_25323,2.85726312620514e-12
EID_21841,1.1180797265216877e-12
EID_25278,3.668931300062573e-10
EID_17857,8.560702885415768e-15
EID_2991,1.9745118265884808e-16
EID_23822,2.6904624852622697e-16
EID_12098,6.573896634542611e-09
EID_14665,2.421062801815498e-16
EID_25373,1.2142940109553546e-11
EID_22143,5.501784435647382e-13
EID_4000,9.103632207247902e-15
EID_2951,4.1599060903284745e-19
EID_8610,9.935383581706455e-18
EID_6998,2.4522081439798156e-16
EID_21972,2.5493451940105402e-14
EID_3582,1.1116371051830561e-16
EID_18220,8.671748151486663e-08
EID_12381,4.19370163324298e-17
EID_15689,3.4460833905098525e-11
EID_12239,1.059413467577819e-15
EID_3987,1.834874169050297e-15
EID_20164,1.9275374403875133e-18
EID_1654,9.853455374034949e-20
EID_25583,4.766630579459866e-12
EID_22736,4.207835936372123e-12
EID_22169,1.0908590704877002e-13
EID_9495,8.407816149622933e-11
EID_2465,6.433312142178246e-18
EID_1659,4.293969654107743e-16
EID_4509,2.129198526037962e-17
EID_15264,4.879204111514008e-14
EID_9494,2.1485549457143213e-17
EID_23657,4.637432415457763e-16
EID_10376,9.18518448608064e-13
EID_25277,1.1110368550658068e-15
EID_15121,7.138072256121635e-13
EID_14760,3.1097560931893143e-15
EID_9160,5.884849764427161e-16
EID_18574,1.4148743544869272e-10
EID_2977,2.3635542198634786e-16
EID_4745,3.255430759338604e-19
EID_6762,6.679682435118456e-17
EID_2682,1.2078372476339417e-14
EID_19172,6.28599728392042e-10
EID_1013,2.658846982390692e-18
EID_1242,1.153202074094624e-18
EID_10336,1.5069815737563795e-15
EID_11247,1.3574039428110344e-08
EID_4631,2.4970939738198873e-21
EID_21660,4.1731433019237986e-11
EID_6752,1.6595224975009592e-15
EID_14409,3.150710618290284e-09
EID_21720,1.2869690386297699e-06
EID_14495,1.3290781352625475e-12
EID_15348,2.4014764869393463e-15
EID_9610,5.891199529023093e-13
EID_10629,1.2242060084050993e-12
EID_10182,1.2767385326183553e-16
EID_10598,9.339011976536816e-13
EID_11065,8.803935899802972e-15
EID_16129,3.848523071903032e-08
EID_15572,4.082055415083638e-13
EID_21059,7.2330617567306206e-09
EID_7812,3.9227459279086604e-14
EID_15162,7.69155468215108e-15
EID_6911,1.3081906463872694e-12
EID_17591,5.07601157833024e-10
EID_22638,1.6692538113150657e-10
EID_3217,2.0674214886400958e-19
EID_10116,4.469461708956593e-12
EID_23199,2.9610811730307753e-08
EID_18844,4.132514420284589e-14
EID_19931,4.1017792932884675e-11
EID_22215,4.236823161436363e-16
EID_14623,9.502757148565318e-13
EID_7884,3.1464201924955388e-09
EID_3197,2.494418086017726e-15
EID_11291,3.594590587293337e-10
EID_3320,1.5356622248056036e-14
EID_12585,4.167777032774759e-10
EID_13592,5.2846695417466976e-14
EID_11264,2.5619269026789492e-09
EID_6997,5.043071291020176e-18
EID_2327,2.5824467055364717e-14
EID_9340,5.405539568268372e-17
EID_14544,4.2381144887078827e-13
EID_13055,2.5531211115575656e-10
EID_14014,1.1475551113404812e-07
EID_7429,3.403604540011257e-15
EID_19008,1.5327163025599617e-12
EID_14283,2.5181569685577813e-14
EID_10882,1.0091026391660173e-15
EID_5194,6.224816737890054e-18
EID_23844,2.886248246785518e-14
EID_22628,1.905906825877746e-16
EID_10033,1.4209970631483219e-14
EID_13281,4.582082636771335e-16
EID_23871,6.13918200595749e-14
EID_3621,1.9053702153885144e-19
EID_12968,1.8237891133073031e-09
EID_5819,3.702348972399063e-12
EID_6694,3.783640997491844e-09
EID_17656,1.2324341689988087e-15
EID_8888,1.4153956851159654e-13
EID_14552,5.6911713248730316e-15
EID_15342,1.0950132077444422e-14
EID_7728,1.7245215548757087e-16
EID_10331,1.689831154614452e-10
EID_5479,5.730170857852731e-15
EID_25526,3.819684394771134e-08
EID_12348,1.8434941694081432e-14
EID_6196,6.881665964817818e-14
EID_3619,1.523632428360805e-19
EID_11280,2.2171028673955194e-12
EID_18119,9.498357429145105e-09
EID_18058,1.7482799308968101e-15
EID_20911,1.7266330452135075e-14
EID_19840,3.4165957377857697e-16
EID_11808,1.0526993316739975e-17
EID_16265,7.711254681073893e-08
EID_25976,4.3277182995278437e-07
EID_3872,1.0140015134680813e-15
EID_23029,3.079656036999099e-10
EID_11745,2.259539254540774e-10
EID_9556,1.0677891612469087e-15
EID_19748,1.6962905998271243e-17
EID_23253,3.1774565378460447e-12
EID_16237,4.769724090710896e-14
EID_11694,9.538997287453306e-16
EID_12824,7.830555430498055e-09
EID_12797,6.685366635843394e-10
EID_3524,4.8373392107733164e-14
EID_10559,4.0535693057734866e-17
EID_22844,2.0813066991256894e-15
EID_22281,1.114974490099108e-14
EID_9535,3.302842672550791e-21
EID_1642,7.891523988732798e-21
EID_17630,6.724620648459887e-16
EID_15083,9.813569390472137e-13
EID_2690,6.141861323306063e-17
EID_12199,9.391173689483268e-12
EID_3449,6.93553005540344e-18
EID_12097,1.2019898461840762e-13
EID_23272,4.8157950186577894e-15
EID_6890,2.4653889863710945e-17
EID_2438,1.564104261555885e-19
EID_6508,7.19046326369634e-20
EID_10772,2.4359107500090937e-11
EID_6076,1.1422592814706624e-14
EID_3045,5.168545158147258e-15
EID_24779,6.015705048312524e-09
EID_12553,7.072957745578067e-16
EID_24984,2.684787465398856e-17
EID_17157,1.408430011848492e-09
EID_11823,3.2987589779576265e-13
EID_4765,1.2561433517990363e-21
EID_16143,9.357572964772143e-09
EID_19658,8.755646122432227e-11
EID_12035,1.493851831441407e-11
EID_3481,5.4493112796352195e-18
EID_12776,7.703716196935758e-12
EID_21160,2.204513503936573e-18
EID_11127,9.8820725059487e-13
EID_11784,4.547947907312217e-15
EID_17458,9.208264724708943e-14
EID_15653,9.986780393077884e-09
EID_25399,2.1751316078806115e-13
EID_8799,2.19398309802008e-18
EID_14529,5.265571873071895e-10
EID_19407,5.418787877780452e-15
EID_8224,1.629145665303464e-15
EID_21582,1.6384483071049287e-14
EID_14807,8.862192738992602e-08
EID_17338,1.4210116420628244e-11
EID_10635,1.9592537386682313e-11
EID_16300,1.5734307041901074e-15
EID_5155,5.412846652719312e-15
EID_11136,2.592398955400334e-11
EID_7716,1.7717628455139524e-16
EID_13041,7.708993483876752e-16
EID_1572,1.188429498321513e-14
EID_2382,1.3615919597528516e-15
EID_4568,7.691900188380961e-20
EID_25153,1.2074585920672285e-16
EID_20523,5.295060878136265e-16
EID_2332,8.981475342984152e-20
EID_6143,1.1534909011578287e-22
EID_19549,2.2134452327730393e-18
EID_24568,8.136677188922593e-10
EID_23211,8.258044635193481e-16
EID_2342,7.776079718362962e-17
EID_2922,2.4215426864884863e-14
EID_6026,6.627711724205146e-20
EID_10107,9.793537465370078e-12
EID_14855,3.4272133316311455e-09
EID_18780,1.1013931126640096e-08
EID_10578,9.773230759664659e-10
EID_3842,5.634689565209503e-14
EID_10225,5.6080461697876356e-11
EID_15275,1.7841116273004148e-10
EID_10740,2.5996363117700707e-11
EID_9483,1.4534896418813211e-12
EID_11262,1.51190657592311e-12
EID_24388,2.2459481726530304e-17
EID_19271,1.7475947022716726e-13
EID_15363,6.107278115773389e-13
EID_16555,4.2260547294072457e-10
EID_7387,9.293154848708563e-15
EID_2692,1.9102553643054567e-21
EID_19754,2.128680490016811e-13
EID_10859,1.2745498633633349e-14
EID_16618,3.757870170924492e-15
EID_1697,2.9170291271525456e-15
EID_3764,7.008715761711047e-19
EID_4502,8.24014639682113e-15
EID_19240,6.032182750853451e-09
EID_22590,3.158982740329087e-08
EID_14056,3.448617173986251e-14
EID_20697,8.621960148514948e-16
EID_2505,7.737798230869141e-17
EID_23288,2.0497059029658012e-14
EID_23373,5.152284094146001e-14
EID_18878,4.687005127134057e-12
EID_11857,1.3995729083378828e-12
EID_25945,6.674401683757112e-10
EID_18242,8.426287290085149e-07
EID_22823,7.333627622519191e-20
EID_5625,1.5025661146490957e-16
EID_6702,3.038287148151798e-19
EID_24252,2.628216765575326e-13
EID_12704,2.969572643374483e-14
EID_1770,2.9650973541115234e-15
EID_10159,1.5236947463417908e-11
EID_3702,9.555189504500242e-14
EID_2688,1.112182782631808e-18
EID_19784,1.8193138484092703e-15
EID_3636,7.366371523632897e-15
EID_14537,1.115580535050054e-15
EID_4878,8.317002204919846e-22
EID_10260,2.2249310319499062e-15
EID_5154,1.6165938387952264e-15
EID_21206,2.5631263373661597e-15
EID_15511,2.7311924427667375e-11
EID_8010,9.960880455079907e-16
EID_6249,1.6631847402633779e-12
EID_7392,4.730214248039337e-13
EID_18362,1.4200972652537627e-09
EID_14147,9.477114068178004e-12
EID_24826,2.5174637025464053e-15
EID_10862,1.1476021806979683e-13
EID_3088,1.7466144466259905e-14
EID_2871,6.518983954589586e-18
EID_22681,6.680066303695542e-17
EID_3720,6.64620789142509e-17
EID_21540,6.29916565811376e-10
EID_3516,3.3301229996384628e-21
EID_10969,2.490987903043138e-13
EID_11396,1.5256468314978763e-17
EID_11407,2.805228502054366e-16
EID_19264,1.7272473808763524e-10
EID_12406,4.27471515614775e-15
EID_19440,8.677634091912754e-14
EID_22729,5.5062635645587276e-15
EID_21143,1.3431051252361009e-20
EID_19936,1.0015277739003506e-16
EID_13997,1.493697253586707e-13
EID_15533,1.1041949714395784e-10
EID_22065,7.270279783087298e-14
EID_6600,2.973996450804986e-14
EID_15316,6.8356692329564245e-15
EID_10721,1.2052122296812658e-15
EID_20630,6.672017571491934e-11
EID_17720,3.594602981436563e-10
EID_7692,1.6720171609770737e-17
EID_25004,6.731354411825435e-08
EID_1804,8.447012062445687e-16
EID_25207,2.0108226209166695e-16
EID_7638,7.48525984660902e-12
EID_8179,6.168079300266712e-16
EID_23406,5.472144137946205e-11
EID_19285,4.322199551551384e-07
EID_15333,1.6765084242420972e-13
EID_9685,7.750588084621828e-18
EID_15725,2.4392631117431467e-12
EID_8302,3.349494981444761e-17
EID_10726,2.1074489182710624e-16
EID_6168,2.8294725948768637e-15
EID_16711,4.506752203599708e-11
EID_24881,6.562523771990631e-15
EID_15281,7.447394869829953e-13
EID_17428,4.59013632744218e-11
EID_2814,4.6539549401837606e-14
EID_8717,4.409342635124311e-18
EID_4395,1.0700631011174453e-13
EID_22871,5.144784183582383e-16
EID_22152,4.2421100211895673e-16
EID_23649,2.3931416748705216e-16
EID_24748,8.420928831878044e-11
EID_25426,2.303720497849257e-13
EID_13986,3.892044073782532e-12
EID_19704,1.52622920261892e-16
EID_15554,5.677651010815141e-16
EID_23100,2.1557171414970484e-13
EID_25408,2.2699290369074755e-15
EID_15870,1.488292438600395e-10
EID_4048,3.9564996671919894e-19
EID_12712,2.090582843820706e-10
EID_1937,4.190614726882081e-17
EID_14246,2.5330980514760778e-14
EID_2569,2.005487753776913e-18
EID_6228,5.321072138793989e-11
EID_21309,2.231250591401061e-09
EID_16971,7.385182051862765e-09
EID_25273,6.4722750152401e-09
EID_8968,7.23836718380039e-17
EID_21475,2.935330512093691e-13
EID_1982,1.019470139200428e-15
EID_23627,1.6210702418026358e-07
EID_14209,1.2801991374569602e-12
EID_22365,6.318166735112855e-16
EID_21031,4.788937937221174e-18
EID_16883,1.4851816210499457e-09
EID_15734,3.1779181813461022e-12
EID_20840,2.218429766290354e-11
EID_20792,5.6161948341554995e-11
EID_2652,9.35770839529543e-14
EID_3079,5.544768844765782e-19
EID_1425,5.034443218431339e-13
EID_17271,2.310770796216992e-07
EID_22724,1.238142596871022e-15
EID_23964,6.021459547018367e-14
EID_9333,2.533470304458284e-11
EID_12374,2.4842452520875273e-09
EID_25107,7.505117324022324e-15
EID_22869,2.4750636031105887e-12
EID_18753,3.777285443080046e-09
EID_16805,1.6397210989660268e-10
EID_19994,2.220469300115062e-14
EID_3004,2.3726376871193667e-14
EID_12616,1.4870611998400424e-14
EID_6090,5.344278645013111e-17
EID_3303,2.6205446310579657e-18
EID_9435,3.430145002126068e-16
EID_1838,6.210641018962887e-16
EID_15681,9.304059245325606e-09
EID_17496,5.110390964065782e-16
EID_8456,5.8132107045087586e-21
EID_23174,1.5640438361588166e-12
EID_8285,2.381385390730158e-14
EID_6547,1.856315382088149e-18
EID_23648,2.6951295762231275e-17
EID_7958,3.0521738291922803e-12
EID_19299,7.612766892347835e-10
EID_8699,3.3491670415365718e-12
EID_14528,2.2092235930709826e-11
EID_23167,2.7798402921560575e-08
EID_25289,8.183658209085735e-12
EID_12802,1.6641891521304882e-16
EID_15986,8.387026305053357e-10
EID_3609,3.8369831496826354e-15
EID_2045,7.254332952959743e-17
EID_1788,4.745838909828346e-17
EID_22630,1.452318070678125e-14
EID_10542,2.3353403520769335e-16
EID_13101,1.4002075302287007e-12
EID_5159,2.0568446042094057e-18
EID_18490,1.74843812854673e-08
EID_25693,1.1287347484990525e-10
EID_20514,5.267765674558127e-10
EID_3713,1.4773527792526218e-18
EID_11193,1.0375284927686567e-16
EID_6052,4.0483909750642053e-22
EID_6986,1.263381797571417e-13
EID_9104,3.2515948510512385e-11
EID_23058,1.176879764198761e-12
EID_3156,2.6393406593696734e-18
EID_17660,1.6433868360190375e-15
EID_17514,1.1034656157342068e-12
EID_15370,1.0106294093342216e-12
EID_12207,8.899914417130324e-16
EID_7351,1.580203484335092e-13
EID_24727,1.3515680738245926e-07
EID_6356,1.0954584125926544e-13
EID_15421,1.0702189859839723e-15
EID_11772,3.57895616063232e-13
EID_14071,1.4700888347379207e-15
EID_16359,1.1549536538115453e-07
EID_16919,2.9806020501009864e-15
EID_21496,1.7301920889139685e-16
EID_10564,2.820234180832416e-13
EID_3773,8.593769739879338e-19
EID_9484,1.132404312851898e-15
EID_13601,1.0664091255560872e-09
EID_13843,2.150122700400033e-14
EID_8774,1.90671848608359e-19
EID_7542,9.659710441600903e-12
EID_3388,1.22333750469388e-16
EID_17949,4.599002228971242e-13
EID_1815,2.663780794517685e-14
EID_10479,6.445639324014399e-15
EID_10722,5.245936333098486e-15
EID_3427,1.779175679193512e-17
EID_18205,9.400898931951233e-08
EID_21650,4.0901310605931e-12
EID_23124,2.046708605906614e-17
EID_4294,7.522779910448488e-21
EID_13366,1.9328101674856398e-16
EID_13957,4.503730258611537e-09
EID_3578,8.035516411363893e-18
EID_24105,1.628258761415918e-08
EID_13186,7.916962353443137e-11
EID_24214,9.01575271658345e-11
EID_17251,2.553258840127685e-15
EID_23225,9.884918389531115e-17
EID_2152,1.7814058282985916e-17
EID_10625,2.0083038929011054e-16
EID_2044,8.660867432889975e-20
EID_7201,1.4922379355546567e-12
EID_2405,1.9664931718944008e-18
EID_22716,3.744991171015316e-08
EID_22728,3.0196504077514047e-12
EID_21251,1.2202598876066894e-09
EID_6915,1.0169153645898883e-16
EID_14744,1.6600152135015426e-09
EID_15814,1.6175915704977308e-08
EID_6659,2.9916552920672386e-19
EID_10991,3.062046128765693e-10
EID_6500,1.1555154952735705e-14
EID_19121,9.406763369315804e-08
EID_6278,4.2202759640135464e-20
EID_13236,6.914435136691382e-13
EID_5382,4.3171413774994123e-13
EID_6871,5.948663444095991e-21
EID_5012,2.4377833779656964e-18
EID_1268,8.405265647348094e-21
EID_6588,8.567660477885153e-13
EID_22163,1.154104188555416e-17
EID_11121,6.485532821609832e-11
EID_22615,1.272808672650396e-18
EID_7838,2.8094373237097533e-14
EID_3344,6.104635108195971e-13
EID_25292,6.502042113269869e-10
EID_10730,3.375612715353149e-10
EID_10317,1.0146278165450758e-13
EID_13443,1.0492134962118458e-16
EID_10988,2.354735282411772e-15
EID_23091,9.19948382054206e-20
EID_1839,1.5291392528338613e-15
EID_13892,3.624021142199197e-09
EID_1496,5.994758812626598e-18
EID_15045,4.526068631946514e-16
EID_3744,1.037653137539843e-16
EID_13010,1.2051496806525733e-08
EID_9716,2.2126443504660316e-18
EID_2993,6.385341565621696e-17
EID_23435,4.581290974581421e-16
EID_8587,2.920915074534254e-13
EID_22132,5.376772436818608e-17
EID_21413,2.134585531315304e-14
EID_11881,2.1550220796108893e-09
EID_19850,9.502663609269564e-12
EID_18460,1.9059390571943315e-08
EID_17983,2.22160360241815e-14
EID_14888,5.285309256326204e-09
EID_14002,7.19330208504762e-12
EID_13524,1.6297555753975104e-15
EID_4049,5.633857734892961e-15
EID_6535,1.790277891301478e-18
EID_10557,1.2722081846922785e-13
EID_1313,2.916863936611003e-17
EID_12424,4.04516508190252e-10
EID_8210,1.4254609130982283e-12
EID_22378,1.5180307088036106e-13
EID_19644,5.974114265061466e-17
EID_8790,8.396193964272546e-12
EID_5778,3.124577423602143e-14
EID_23887,2.4509646773974124e-15
EID_16103,1.786674613003688e-07
EID_20604,2.8137859168067235e-13
EID_17378,7.000951076219255e-12
EID_5566,7.562700795924242e-17
EID_24264,5.299138154613671e-14
EID_7814,3.3243188904812095e-16
EID_1968,1.1567568269682934e-14
EID_10282,7.551662257763952e-14
EID_13648,2.004632936841495e-09
EID_22376,1.9429373921955681e-13
EID_3690,9.36312160452068e-14
EID_17871,1.2133984262770747e-11
EID_19167,1.1098823418531639e-11
EID_5366,9.175426724615191e-21
EID_16996,3.4488572400671477e-12
EID_1953,7.042433573120424e-20
EID_8760,2.4082078949073123e-17
EID_20448,4.64023550082655e-13
EID_15787,1.2255858234685503e-14
EID_18982,7.56728485110147e-08
EID_4388,6.567479150365221e-15
EID_22325,2.28246774794189e-12
EID_10189,2.446135523175444e-12
EID_21162,4.258196230451379e-15
EID_1032,3.841667841880792e-16
EID_12045,7.433461967552e-12
EID_18324,1.2073834545253565e-15
EID_15085,1.2342896810864135e-07
EID_21927,2.7459031150837895e-16
EID_13325,3.561778597266391e-13
EID_17801,2.4974891339357467e-09
EID_7678,1.4495341469642003e-20
EID_17469,2.7671907874917583e-10
EID_14318,4.533643365248286e-16
EID_16439,3.621948204188811e-10
EID_2307,1.3857915493516804e-16
EID_20011,2.121780820900415e-09
EID_19381,5.651268829305467e-10
EID_14043,1.31140066030215e-10
EID_14774,7.724497479279557e-15
EID_22982,2.2503386402750088e-15
EID_19092,1.5446810200339235e-08
EID_13137,6.011176733895499e-16
EID_5738,6.397698801266109e-16
EID_19661,2.0216220914320175e-15
EID_22570,1.7057612723778607e-08
EID_16393,1.0949715681704467e-10
EID_4256,1.1016719223326584e-15
EID_17873,1.0591879931057934e-09
EID_13832,3.8129307378706795e-16
EID_17617,1.8464925670715708e-12
EID_3106,2.833458751127904e-13
EID_6567,2.9701988293359736e-14
EID_4727,4.2336778994380745e-22
EID_14518,1.1535552433556426e-14
EID_1070,2.9308171350477102e-21
EID_19385,5.006117223329236e-15
EID_20032,2.514013740678827e-13
EID_11714,7.764738936485183e-11
EID_23636,3.480217458502387e-18
EID_1985,2.987227469210854e-19
EID_5627,4.669486879591581e-15
EID_15171,5.668250869412011e-09
EID_8811,1.3301628371051116e-10
EID_2163,5.909742162826351e-16
EID_8459,3.4721732131509255e-16
EID_18138,9.76971197093987e-16
EID_17518,5.814050157663476e-10
EID_17432,1.5694965809092652e-08
EID_25686,2.1427200684754655e-12
EID_2470,1.1499458967532943e-11
EID_16311,1.0651514016270887e-10
EID_6903,1.3237525885842142e-15
EID_11990,1.0800565410674353e-10
EID_23460,1.0221051964625889e-13
EID_25924,7.170068465511083e-08
EID_13985,4.569583975415806e-11
EID_5455,3.8831471171872285e-14
EID_13427,4.330185144419166e-12
EID_24855,9.931572646529699e-11
EID_15532,6.039797262791809e-11
EID_8953,2.70978661858526e-11
EID_22683,1.425657752534554e-15
EID_22493,3.3216192544505544e-07
EID_1451,2.315040537298066e-18
EID_20796,1.9848672940518076e-11
EID_17281,2.0128372248434623e-12
EID_7767,9.182954351247116e-15
EID_20838,1.9092254152486364e-14
EID_17235,9.415477951092798e-12
EID_21615,3.572280673393195e-17
EID_6972,1.3378344347430993e-14
EID_13930,5.392531255301202e-15
EID_4188,1.1226176845745512e-21
EID_11277,1.1061441782502999e-13
EID_18053,3.660229580302677e-09
EID_11288,6.187412684668699e-16
EID_1148,2.4908880745016124e-15
EID_19216,6.753050768538737e-12
EID_7660,7.483898325296275e-17
EID_22805,3.3344580554836507e-15
EID_11931,1.9479481314247432e-17
EID_16921,3.843608099861726e-08
EID_4993,7.006938415847573e-16
EID_18070,3.845661234318862e-11
EID_15648,2.133296779978692e-08
EID_11404,5.690479667891885e-14
EID_14248,2.9575474001815115e-09
EID_15424,1.175041175479362e-10
EID_8039,4.278404138504506e-18
EID_7094,3.5289147254596984e-14
EID_13161,4.781441893553255e-10
EID_9293,9.934045010283388e-14
EID_4351,2.405200092399384e-14
EID_17259,3.5371595664164407e-11
EID_2681,2.3532534774955474e-16
EID_22123,7.15475635011715e-16
EID_8528,7.695790050635911e-18
EID_11798,3.3759618000378337e-14
EID_20265,3.2720711944949804e-15
EID_21396,8.036823467309084e-15
EID_12220,5.652912985829291e-09
EID_25722,5.812979810086262e-13
EID_21719,1.2662194421425623e-10
EID_3506,2.273822567318316e-16
EID_2139,7.69482880075514e-22
EID_6562,1.5487224699173016e-17
EID_4353,1.3608128606189834e-14
EID_24392,1.1045753891904517e-15
EID_11238,3.8080237823193455e-10
EID_20617,1.1424498949621602e-14
EID_21473,1.838271095440909e-11
EID_16837,1.5465435987913392e-07
EID_1800,1.8289437867479346e-19
EID_25849,1.1710040241386006e-17
EID_9395,1.378775004239467e-17
EID_2415,1.2559667258020719e-21
EID_9286,1.8759155685194583e-13
EID_5081,5.290749577484404e-18
EID_22546,1.7388222714401269e-10
EID_11932,1.9694540443670193e-14
EID_16292,2.1932754527402517e-10
EID_17882,1.2339177650698958e-15
EID_20889,3.7741714829669275e-20
EID_10031,1.3065217075410718e-18
EID_21576,4.338494506277565e-15
EID_8256,7.321960818993414e-13
EID_2614,6.025659507351008e-16
EID_2098,1.037602466401706e-13
EID_10242,1.3240856354966486e-17
EID_21993,1.0256756509075929e-08
EID_22664,6.568051808551786e-12
EID_1919,2.553808578802681e-14
EID_11629,8.890355681123915e-15
EID_6840,2.0437402340901104e-15
EID_25493,8.670793551570879e-10
EID_14968,6.07831775320557e-09
EID_25313,3.8064552205185856e-14
EID_8035,7.859663620634994e-20
EID_8969,8.816284151120355e-18
EID_15223,8.102626711617142e-12
EID_6266,1.814215887301197e-15
EID_8184,2.4426150677543366e-15
EID_19480,1.8393115725818955e-17
EID_19076,1.2030966837872052e-14
EID_16339,1.0406154136416513e-15
EID_7963,8.254619064338819e-21
EID_17427,8.001919722642659e-12
EID_12641,2.230359099442516e-13
EID_4122,1.4283675982165508e-16
EID_23659,5.778174985460263e-11
EID_13486,2.3878928313914657e-08
EID_18423,2.2420361400709586e-10
EID_2181,9.313133463277495e-17
EID_25490,8.280420282654402e-11
EID_9211,3.272059870282016e-19
EID_5237,2.481761520110461e-13
EID_2418,4.234058693296531e-18
EID_17716,3.945685186046231e-16
EID_13837,1.8113820519694992e-15
EID_2840,1.5119188679899514e-19
EID_13004,2.4829529029550096e-15
EID_14429,5.770518771974637e-12
EID_18915,7.96775530916971e-15
EID_22415,2.2413743852672196e-14
EID_4304,7.489741314577201e-13
EID_10753,2.8530972769742925e-14
EID_22612,1.7249324864753922e-16
EID_1857,1.613739217689293e-15
EID_3566,2.262824049892555e-16
EID_8545,9.062352205818339e-21
EID_21685,5.431896779860676e-16
EID_9946,3.8330125997231605e-13
EID_20447,2.2638055807582662e-14
EID_3887,1.2958523732191058e-15
EID_8351,4.001234979172019e-17
EID_23889,4.042623296376635e-15
EID_8248,7.005730527914087e-15
EID_16621,2.588346725920964e-10
EID_25138,1.3227529319241875e-10
EID_10004,4.659072722484111e-18
EID_5522,1.3888873441051225e-20
EID_23416,3.0669335563866913e-17
EID_14897,1.4034408395450851e-10
EID_10840,2.633063312519761e-11
EID_21716,9.890569895850798e-12
EID_18484,7.52850987356847e-12
EID_7402,1.1843008867790455e-19
EID_24854,1.944526413930713e-09
EID_1610,1.675044214809227e-16
EID_17592,6.94857848334643e-16
EID_22128,1.0383400428995493e-12
EID_17304,1.559507807670356e-14
EID_1508,5.431252385872701e-16
EID_20492,1.3122300779197851e-16
EID_2324,1.774411672663945e-18
EID_17093,1.8275715335339772e-11
EID_23356,1.8000478857721682e-11
EID_17895,1.1115571720762302e-15
EID_8186,2.503261348409768e-14
EID_19358,8.12701339539783e-12
EID_6030,3.085090218614659e-17
EID_17457,1.6455895585849322e-14
EID_14976,3.0106544481774892e-15
EID_8914,5.90203309878548e-18
EID_5721,4.805875251140635e-14
EID_11266,8.131576963403043e-15
EID_17012,7.706606830252903e-11
EID_7554,1.8301959585196227e-13
EID_3087,9.867599641846546e-15
EID_19716,6.57260226533757e-10
EID_21723,1.6639357760428847e-07
EID_13072,2.4276424730377435e-16
EID_9776,1.1066929100959958e-10
EID_25927,1.0015270150655782e-12
EID_5593,7.56379679767994e-16
EID_13954,5.0331525151192355e-09
EID_16034,3.5164232964791204e-13
EID_1719,2.6928606055286513e-18
EID_23054,6.3171964502995416e-15
EID_15591,3.1367250358846437e-10
EID_5178,8.123848964501625e-19
EID_24346,5.159189258196506e-15
EID_21264,2.1658847252298192e-16
EID_3292,2.7702818911875908e-14
EID_14975,3.1195027205989096e-11
EID_9165,1.0924722489140525e-18
EID_23369,6.308354295782087e-11
EID_18767,3.821110613296703e-15
EID_10153,4.548755465681741e-13
EID_2542,7.023273955813247e-16
EID_23826,2.9064111596458117e-15
EID_20391,6.508006316676548e-13
EID_8633,1.467988471433768e-12
EID_5875,1.7167096400538623e-18
EID_12699,5.198725549466121e-16
EID_12982,2.623955525007905e-11
EID_16392,1.603340098183557e-07
EID_8185,6.864977627905261e-13
EID_15462,8.541929341638553e-09
EID_4853,3.026990718766052e-20
EID_17622,7.972276386491675e-10
EID_23074,1.0309290889491272e-11
EID_6390,8.993580662253266e-18
EID_24539,4.700955698640008e-11
EID_12963,6.809199151561759e-11
EID_8649,7.333420502934611e-17
EID_11810,1.2556550890950255e-15
EID_3598,3.183535200431459e-17
EID_13511,2.522022045647629e-13
EID_16014,1.296760897135821e-12
EID_24791,4.999089760654325e-15
EID_3417,1.1894250153205446e-13
EID_24668,1.174180686005306e-13
EID_4508,3.92429098712656e-21
EID_25150,4.375603499026159e-15
EID_25934,8.833023861796842e-14
EID_6308,4.779109711491742e-22
EID_10508,5.805174766726954e-12
EID_18724,1.6455601643671304e-09
EID_10536,8.912827134956936e-10
EID_18738,4.627904505559866e-10
EID_15949,6.328806585976618e-08
EID_20722,2.465377926347199e-15
EID_14963,5.849639111677614e-13
EID_6682,2.7031505408582633e-14
EID_8365,5.445654799317984e-16
EID_17999,3.571382469081258e-12
EID_24499,1.6186956558561051e-18
EID_20389,6.728960000398899e-12
EID_12123,3.2437132065922137e-13
EID_19203,5.223684066698509e-09
EID_3538,6.665126546445826e-14
EID_19811,6.205697843630295e-16
EID_11473,2.1620052491312872e-11
EID_3032,9.759041501950383e-17
EID_8419,6.284206424444569e-17
EID_9052,3.1239926770297576e-11
EID_15837,8.516649702609763e-09
EID_6644,1.9933985274809158e-14
EID_16894,9.996057146653493e-08
EID_10552,1.566270750449734e-17
EID_14750,7.906245429253802e-14
EID_16659,1.2006123856695723e-15
EID_4472,1.6920095716221475e-22
EID_4076,2.8612652869163376e-18
EID_5163,9.076563542695026e-20
EID_25923,4.704952262266832e-13
EID_24806,4.549088671565049e-14
EID_3742,1.7435179399829423e-17
EID_19722,1.6534115183972285e-09
EID_18033,2.729138990480003e-15
EID_16718,2.9556052790278084e-12
EID_13182,2.1914987378817186e-09
EID_23021,1.0471531033250938e-15
EID_20329,1.7919133152958368e-16
EID_8770,3.9382831282057834e-20
EID_11234,1.2627267957856186e-10
EID_18881,1.5952919144281152e-11
EID_1365,3.693645532433816e-18
EID_19318,3.4028409029506133e-10
EID_19343,4.2363455629520924e-07
EID_4435,5.563172932318958e-21
EID_22102,1.0015081153058964e-11
EID_24095,2.7917777509780785e-16
EID_9897,2.7455263024993028e-15
EID_21635,1.9669338961330088e-14
EID_16514,2.3732315766269354e-09
EID_1997,4.0685345713069227e-16
EID_10324,1.984386694024332e-16
EID_6487,1.6989110429495654e-18
EID_21197,7.381183491575959e-13
EID_19082,2.068456026437871e-10
EID_17562,4.7968842904282616e-09
EID_8738,1.181971505246465e-13
EID_13687,4.01134640393968e-10
EID_19572,7.239224976362598e-12
EID_24909,1.0225261999234938e-13
EID_21814,1.5257196959910623e-13
EID_12083,2.5109971734783784e-17
EID_25919,5.095638187645214e-13
EID_19140,3.1696606478594974e-10
EID_23924,5.552081962660602e-16
EID_1208,6.29908620655004e-17
EID_18170,1.0873124172603112e-06
EID_18699,2.298938766034954e-12
EID_1318,2.11441323576866e-15
EID_14941,3.6098924295777016e-11
EID_6540,3.560291954187167e-15
EID_20936,2.5139872404986765e-17
EID_9705,6.588505587526981e-15
EID_24181,3.557878818491547e-13
EID_22138,6.408906919691785e-12
EID_23044,2.6178720866876723e-13
EID_9038,1.5013322398530773e-15
EID_3247,2.3874990739031777e-17
EID_19630,2.159208970319639e-15
EID_8655,1.2198725770741747e-17
EID_10423,1.1172548308414283e-11
EID_3946,1.124319898832863e-13
EID_16512,3.9651893121918046e-07
EID_12473,3.860194373491285e-11
EID_11571,1.2919975349229728e-13
EID_14381,4.557462389215367e-13
EID_12675,2.0532888732690594e-11
EID_1930,1.6109384024489761e-21
EID_20155,8.229494908454267e-09
EID_22902,9.048508885408955e-12
EID_24145,1.4901639571442686e-11
EID_5342,1.6425071005751708e-14
EID_8334,2.258963315219172e-15
EID_25708,8.263080540435312e-16
EID_19991,4.014155335809502e-09
EID_5499,4.468578133060314e-18
EID_5953,1.0237084832780614e-16
EID_7444,6.2759333024197496e-18
EID_6218,8.691947059073579e-14
EID_12891,2.913739756428743e-09
EID_16456,1.2025091622737547e-13
EID_20256,2.4916782607206282e-12
EID_9959,1.219992173389674e-15
EID_8845,6.198193812905488e-15
EID_1662,1.208455039535198e-19
EID_8739,5.86764812169699e-20
EID_20695,5.929822091082639e-18
EID_19446,2.767667160566513e-13
EID_12441,1.5325843406679329e-16
EID_13066,2.5649568888032482e-15
EID_8911,3.855133928901576e-19
EID_22200,6.102154027188395e-13
EID_9689,2.212286916008178e-12
EID_1668,2.403903317938078e-16
EID_8120,1.650855786462796e-19
EID_22777,2.2764896061696544e-13
EID_19141,4.011908479822373e-12
EID_22674,4.385511015054569e-13
EID_16121,2.3254937718056623e-13
EID_14662,2.1532262050858404e-08
EID_23290,1.607602045784723e-19
EID_20144,2.7405878632986613e-16
EID_23052,3.552497255972406e-17
EID_25575,3.669414827774673e-15
EID_23724,2.039054267086586e-11
EID_14759,2.4018764852080607e-16
EID_25209,7.445895034467287e-16
EID_17753,2.4512985094209928e-09
EID_4693,7.426670632258546e-12
EID_17284,1.7797363565224213e-12
EID_9131,5.912343543442498e-18
EID_24625,2.979958574091791e-19
EID_24912,4.631981469270585e-12
EID_19612,2.7448305101829124e-15
EID_9147,5.456718019133484e-21
EID_6891,8.749329562476649e-15
EID_10639,2.3472140096205372e-15
EID_5880,1.6778478543156027e-16
EID_22547,6.61812005244596e-11
EID_10066,4.4010966846677874e-14
EID_7126,1.1898307339300504e-20
EID_4929,7.301352378193556e-14
EID_24750,9.015797075877683e-18
